Id,Symbol,Base,Quote,Active,Spot,Margin,Future,Leverage
10SET_USDT,10SET/USDT,10SET,USDT,True,Spot,,,1.0
1ART_USDT,1ART/USDT,1ART,USDT,True,Spot,,,1.0
1EARTH_USDT,1EARTH/USDT,1EARTH,USDT,True,Spot,,,1.0
1INCH_USDT,1INCH/USDT,1INCH,USDT,True,Spot,Margin,,1.0
1INCH3L_USDT,1INCH3L/USDT,1INCH3L,USDT,True,Spot,,,1.0
1INCH3S_USDT,1INCH3S/USDT,1INCH3S,USDT,True,Spot,,,1.0
A5T_USDT,A5T/USDT,A5T,USDT,True,Spot,,,1.0
AAA_USDT,AAA/USDT,AAA,USDT,True,Spot,,,1.0
AAG_USDT,AAG/USDT,AAG,USDT,True,Spot,,,1.0
AART_USDT,AART/USDT,AART,USDT,True,Spot,,,1.0
AAVE_USDT,AAVE/USDT,AAVE,USDT,True,Spot,Margin,,1.0
AAVE3L_USDT,AAVE3L/USDT,AAVE3L,USDT,True,Spot,,,1.0
AAVE3S_USDT,AAVE3S/USDT,AAVE3S,USDT,True,Spot,,,1.0
ABBC_USDT,ABBC/USDT,ABBC,USDT,True,Spot,,,1.0
ABT_USDT,ABT/USDT,ABT,USDT,True,Spot,,,1.0
ACA_USDT,ACA/USDT,ACA,USDT,True,Spot,Margin,,1.0
ACE_USDT,ACE/USDT,ACE,USDT,True,Spot,,,1.0
ACH_USDT,ACH/USDT,ACH,USDT,True,Spot,Margin,,1.0
ACH3L_USDT,ACH3L/USDT,ACH3L,USDT,True,Spot,,,1.0
ACH3S_USDT,ACH3S/USDT,ACH3S,USDT,True,Spot,,,1.0
ADA_USDT,ADA/USDT,ADA,USDT,True,Spot,Margin,,1.0
ADA3L_USDT,ADA3L/USDT,ADA3L,USDT,True,Spot,,,1.0
ADA3S_USDT,ADA3S/USDT,ADA3S,USDT,True,Spot,,,1.0
ADAPAD_USDT,ADAPAD/USDT,ADAPAD,USDT,True,Spot,,,1.0
ADEL_USDT,ADEL/USDT,ADEL,USDT,True,Spot,,,1.0
ADP_USDT,ADP/USDT,ADP,USDT,True,Spot,,,1.0
ADS_USDT,ADS/USDT,ADS,USDT,True,Spot,,,1.0
ADX_USDT,ADX/USDT,ADX,USDT,True,Spot,,,1.0
AE_USDT,AE/USDT,AE,USDT,True,Spot,Margin,,1.0
AERGO_USDT,AERGO/USDT,AERGO,USDT,False,Spot,Margin,,1.0
AFC_USDT,AFC/USDT,AFC,USDT,True,Spot,,,1.0
AGLD_USDT,AGLD/USDT,AGLD,USDT,True,Spot,Margin,,1.0
AGS_USDT,AGS/USDT,AGS,USDT,True,Spot,,,1.0
AIOZ_USDT,AIOZ/USDT,AIOZ,USDT,True,Spot,,,1.0
AIR_USDT,AIR/USDT,AIR,USDT,True,Spot,,,1.0
AKRO_USDT,AKRO/USDT,AKRO,USDT,True,Spot,Margin,,1.0
AKT_USDT,AKT/USDT,AKT,USDT,True,Spot,,,1.0
ALAYA_USDT,ALAYA/USDT,ALAYA,USDT,True,Spot,,,1.0
ALCX_USDT,ALCX/USDT,ALCX,USDT,True,Spot,Margin,,1.0
ALD_USDT,ALD/USDT,ALD,USDT,True,Spot,,,1.0
ALEPH_USDT,ALEPH/USDT,ALEPH,USDT,True,Spot,,,1.0
ALGO_USDT,ALGO/USDT,ALGO,USDT,True,Spot,Margin,,1.0
ALGO3L_USDT,ALGO3L/USDT,ALGO3L,USDT,True,Spot,,,1.0
ALGO3S_USDT,ALGO3S/USDT,ALGO3S,USDT,True,Spot,,,1.0
ALICE_USDT,ALICE/USDT,ALICE,USDT,True,Spot,Margin,,1.0
ALICE3L_USDT,ALICE3L/USDT,ALICE3L,USDT,True,Spot,,,1.0
ALICE3S_USDT,ALICE3S/USDT,ALICE3S,USDT,True,Spot,,,1.0
ALN_USDT,ALN/USDT,ALN,USDT,True,Spot,Margin,,1.0
ALPA_USDT,ALPA/USDT,ALPA,USDT,True,Spot,,,1.0
ALPACA_USDT,ALPACA/USDT,ALPACA,USDT,True,Spot,Margin,,1.0
ALPH_USDT,ALPH/USDT,ALPH,USDT,True,Spot,,,1.0
ALPHA_USDT,ALPHA/USDT,ALPHA,USDT,True,Spot,Margin,,1.0
ALPHA3L_USDT,ALPHA3L/USDT,ALPHA3L,USDT,True,Spot,,,1.0
ALPHA3S_USDT,ALPHA3S/USDT,ALPHA3S,USDT,True,Spot,,,1.0
ALPHR_USDT,ALPHR/USDT,ALPHR,USDT,True,Spot,,,1.0
ALPINE_USDT,ALPINE/USDT,ALPINE,USDT,True,Spot,Margin,,1.0
ALTB_USDT,ALTB/USDT,ALTB,USDT,True,Spot,,,1.0
ALU_USDT,ALU/USDT,ALU,USDT,True,Spot,,,1.0
ALY_USDT,ALY/USDT,ALY,USDT,True,Spot,,,1.0
AME_USDT,AME/USDT,AME,USDT,True,Spot,,,1.0
AMP_USDT,AMP/USDT,AMP,USDT,True,Spot,,,1.0
AMPL_USDT,AMPL/USDT,AMPL,USDT,True,Spot,,,1.0
AMPL3L_USDT,AMPL3L/USDT,AMPL3L,USDT,True,Spot,,,1.0
AMPL3S_USDT,AMPL3S/USDT,AMPL3S,USDT,True,Spot,,,1.0
ANC_USDT,ANC/USDT,ANC,USDT,True,Spot,Margin,,1.0
ANC3L_USDT,ANC3L/USDT,ANC3L,USDT,True,Spot,,,1.0
ANC3S_USDT,ANC3S/USDT,ANC3S,USDT,True,Spot,,,1.0
ANGLE_USDT,ANGLE/USDT,ANGLE,USDT,True,Spot,,,1.0
ANKR_USDT,ANKR/USDT,ANKR,USDT,True,Spot,Margin,,1.0
ANML_USDT,ANML/USDT,ANML,USDT,True,Spot,Margin,,1.0
ANT_USDT,ANT/USDT,ANT,USDT,True,Spot,Margin,,1.0
AOG_USDT,AOG/USDT,AOG,USDT,True,Spot,,,1.0
APE_USDT,APE/USDT,APE,USDT,True,Spot,Margin,,1.0
APE3L_USDT,APE3L/USDT,APE3L,USDT,True,Spot,,,1.0
APE3S_USDT,APE3S/USDT,APE3S,USDT,True,Spot,,,1.0
API3_USDT,API3/USDT,API3,USDT,True,Spot,Margin,,1.0
API33L_USDT,API33L/USDT,API33L,USDT,True,Spot,,,1.0
API33S_USDT,API33S/USDT,API33S,USDT,True,Spot,,,1.0
APN_USDT,APN/USDT,APN,USDT,True,Spot,,,1.0
APT_USDT,APT/USDT,APT,USDT,True,Spot,,,1.0
APX_USDT,APX/USDT,APX,USDT,True,Spot,,,1.0
APYS_USDT,APYS/USDT,APYS,USDT,True,Spot,,,1.0
AQDC_USDT,AQDC/USDT,AQDC,USDT,True,Spot,,,1.0
AQT_USDT,AQT/USDT,AQT,USDT,True,Spot,,,1.0
AR_USDT,AR/USDT,AR,USDT,True,Spot,Margin,,1.0
AR3L_USDT,AR3L/USDT,AR3L,USDT,True,Spot,,,1.0
AR3S_USDT,AR3S/USDT,AR3S,USDT,True,Spot,,,1.0
ARCX_USDT,ARCX/USDT,ARCX,USDT,True,Spot,,,1.0
ARES_USDT,ARES/USDT,ARES,USDT,True,Spot,Margin,,1.0
ARGON_USDT,ARGON/USDT,ARGON,USDT,True,Spot,,,1.0
ARMOR_USDT,ARMOR/USDT,ARMOR,USDT,True,Spot,,,1.0
ARNX_USDT,ARNX/USDT,ARNX,USDT,True,Spot,,,1.0
ARPA_USDT,ARPA/USDT,ARPA,USDT,True,Spot,Margin,,1.0
ARPA3L_USDT,ARPA3L/USDT,ARPA3L,USDT,True,Spot,,,1.0
ARPA3S_USDT,ARPA3S/USDT,ARPA3S,USDT,True,Spot,,,1.0
ARRR_USDT,ARRR/USDT,ARRR,USDT,True,Spot,,,1.0
ARTEM_USDT,ARTEM/USDT,ARTEM,USDT,True,Spot,,,1.0
ARV_USDT,ARV/USDT,ARV,USDT,True,Spot,,,1.0
ASD_USDT,ASD/USDT,ASD,USDT,True,Spot,Margin,,1.0
ASK_USDT,ASK/USDT,ASK,USDT,True,Spot,,,1.0
ASM_USDT,ASM/USDT,ASM,USDT,True,Spot,Margin,,1.0
ASR_USDT,ASR/USDT,ASR,USDT,True,Spot,Margin,,1.0
AST_USDT,AST/USDT,AST,USDT,True,Spot,,,1.0
ASTR_USDT,ASTR/USDT,ASTR,USDT,True,Spot,Margin,,1.0
ASTR3L_USDT,ASTR3L/USDT,ASTR3L,USDT,True,Spot,,,1.0
ASTR3S_USDT,ASTR3S/USDT,ASTR3S,USDT,True,Spot,,,1.0
ASTRO_USDT,ASTRO/USDT,ASTRO,USDT,True,Spot,,,1.0
ASW_USDT,ASW/USDT,ASW,USDT,True,Spot,,,1.0
ATA_USDT,ATA/USDT,ATA,USDT,True,Spot,Margin,,1.0
ATD_USDT,ATD/USDT,ATD,USDT,True,Spot,,,1.0
ATK_USDT,ATK/USDT,ATK,USDT,True,Spot,,,1.0
ATLAS_USDT,ATLAS/USDT,ATLAS,USDT,True,Spot,Margin,,1.0
ATM_USDT,ATM/USDT,ATM,USDT,True,Spot,,,1.0
ATOLO_USDT,ATOLO/USDT,ATOLO,USDT,True,Spot,,,1.0
ATOM_USDT,ATOM/USDT,ATOM,USDT,True,Spot,Margin,,1.0
ATOM3L_USDT,ATOM3L/USDT,ATOM3L,USDT,True,Spot,,,1.0
ATOM3S_USDT,ATOM3S/USDT,ATOM3S,USDT,True,Spot,,,1.0
ATP_USDT,ATP/USDT,ATP,USDT,True,Spot,Margin,,1.0
ATS_USDT,ATS/USDT,ATS,USDT,True,Spot,,,1.0
AUCTION_USDT,AUCTION/USDT,AUCTION,USDT,True,Spot,Margin,,1.0
AUDIO_USDT,AUDIO/USDT,AUDIO,USDT,True,Spot,Margin,,1.0
AURORA_USDT,AURORA/USDT,AURORA,USDT,True,Spot,,,1.0
AUTO_USDT,AUTO/USDT,AUTO,USDT,True,Spot,Margin,,1.0
AVA_USDT,AVA/USDT,AVA,USDT,True,Spot,Margin,,1.0
AVAX_USDT,AVAX/USDT,AVAX,USDT,True,Spot,Margin,,1.0
AVAX3L_USDT,AVAX3L/USDT,AVAX3L,USDT,True,Spot,,,1.0
AVAX3S_USDT,AVAX3S/USDT,AVAX3S,USDT,True,Spot,,,1.0
AVT_USDT,AVT/USDT,AVT,USDT,True,Spot,,,1.0
AXL_USDT,AXL/USDT,AXL,USDT,True,Spot,,,1.0
AXS_USDT,AXS/USDT,AXS,USDT,True,Spot,Margin,,1.0
AXS3L_USDT,AXS3L/USDT,AXS3L,USDT,True,Spot,,,1.0
AXS3S_USDT,AXS3S/USDT,AXS3S,USDT,True,Spot,,,1.0
AXS5L_USDT,AXS5L/USDT,AXS5L,USDT,True,Spot,,,1.0
AXS5S_USDT,AXS5S/USDT,AXS5S,USDT,True,Spot,,,1.0
AZERO_USDT,AZERO/USDT,AZERO,USDT,True,Spot,,,1.0
AXIS_USDT,Axis DeFi/USDT,Axis DeFi,USDT,True,Spot,,,1.0
BABI_USDT,BABI/USDT,BABI,USDT,True,Spot,,,1.0
BABY_USDT,BABY/USDT,BABY,USDT,True,Spot,,,1.0
BAC_USDT,BAC/USDT,BAC,USDT,True,Spot,Margin,,1.0
BACON_USDT,BACON/USDT,BACON,USDT,True,Spot,,,1.0
BADGER_USDT,BADGER/USDT,BADGER,USDT,True,Spot,Margin,,1.0
BAGS_USDT,BAGS/USDT,BAGS,USDT,True,Spot,,,1.0
BAKE_USDT,BAKE/USDT,BAKE,USDT,True,Spot,Margin,,1.0
BAKED_USDT,BAKED/USDT,BAKED,USDT,True,Spot,,,1.0
BAL_USDT,BAL/USDT,BAL,USDT,True,Spot,,,1.0
BAL3L_USDT,BAL3L/USDT,BAL3L,USDT,True,Spot,,,1.0
BAL3S_USDT,BAL3S/USDT,BAL3S,USDT,True,Spot,,,1.0
BAMBOO_USDT,BAMBOO/USDT,BAMBOO,USDT,True,Spot,,,1.0
BAND_USDT,BAND/USDT,BAND,USDT,True,Spot,Margin,,1.0
BANK_USDT,BANK/USDT,BANK,USDT,True,Spot,,,1.0
BAO_USDT,BAO/USDT,BAO,USDT,True,Spot,Margin,,1.0
BAS_USDT,BAS/USDT,BAS,USDT,True,Spot,Margin,,1.0
BASE_USDT,BASE/USDT,BASE,USDT,True,Spot,,,1.0
BAT_USDT,BAT/USDT,BAT,USDT,True,Spot,Margin,,1.0
BAT3L_USDT,BAT3L/USDT,BAT3L,USDT,True,Spot,,,1.0
BAT3S_USDT,BAT3S/USDT,BAT3S,USDT,True,Spot,,,1.0
BATH_USDT,BATH/USDT,BATH,USDT,True,Spot,,,1.0
BBANK_USDT,BBANK/USDT,BBANK,USDT,True,Spot,,,1.0
BBF_USDT,BBF/USDT,BBF,USDT,True,Spot,,,1.0
BCD_USDT,BCD/USDT,BCD,USDT,True,Spot,Margin,,1.0
BCDN_USDT,BCDN/USDT,BCDN,USDT,True,Spot,,,1.0
BCH_USDT,BCH/USDT,BCH,USDT,True,Spot,Margin,,1.0
BCH3L_USDT,BCH3L/USDT,BCH3L,USDT,True,Spot,,,1.0
BCH3S_USDT,BCH3S/USDT,BCH3S,USDT,True,Spot,,,1.0
BCH5L_USDT,BCH5L/USDT,BCH5L,USDT,True,Spot,,,1.0
BCH5S_USDT,BCH5S/USDT,BCH5S,USDT,True,Spot,,,1.0
BCHA_USDT,BCHA/USDT,BCHA,USDT,False,Spot,Margin,,1.0
BCMC_USDT,BCMC/USDT,BCMC,USDT,True,Spot,,,1.0
BCN_USDT,BCN/USDT,BCN,USDT,True,Spot,,,1.0
BCUG_USDT,BCUG/USDT,BCUG,USDT,True,Spot,,,1.0
BCX_USDT,BCX/USDT,BCX,USDT,True,Spot,,,1.0
BDP_USDT,BDP/USDT,BDP,USDT,True,Spot,,,1.0
BDT_USDT,BDT/USDT,BDT,USDT,True,Spot,,,1.0
BEAM_USDT,BEAM/USDT,BEAM,USDT,True,Spot,Margin,,1.0
BEAM3L_USDT,BEAM3L/USDT,BEAM3L,USDT,True,Spot,,,1.0
BEAM3S_USDT,BEAM3S/USDT,BEAM3S,USDT,True,Spot,,,1.0
BTCBEAR_USDT,BEAR/USDT,BEAR,USDT,True,Spot,,,1.0
BEEFI_USDT,BEEFI/USDT,BEEFI,USDT,True,Spot,,,1.0
BEL_USDT,BEL/USDT,BEL,USDT,True,Spot,,,1.0
BENQI_USDT,BENQI/USDT,BENQI,USDT,True,Spot,Margin,,1.0
BEPRO_USDT,BEPRO/USDT,BEPRO,USDT,True,Spot,,,1.0
BERRY_USDT,BERRY/USDT,BERRY,USDT,True,Spot,,,1.0
BETU_USDT,BETU/USDT,BETU,USDT,True,Spot,,,1.0
BEYOND_USDT,BEYOND/USDT,BEYOND,USDT,True,Spot,,,1.0
BFC_USDT,BFC/USDT,BFC,USDT,True,Spot,,,1.0
BFT_USDT,BFT/USDT,BFT,USDT,True,Spot,,,1.0
BICO_USDT,BICO/USDT,BICO,USDT,True,Spot,Margin,,1.0
BIFIF_USDT,BIFIF/USDT,BIFIF,USDT,True,Spot,,,1.0
BIN_USDT,BIN/USDT,BIN,USDT,True,Spot,,,1.0
BIRD_USDT,BIRD/USDT,BIRD,USDT,True,Spot,,,1.0
BIT_USDT,BIT/USDT,BIT,USDT,True,Spot,Margin,,1.0
BKC_USDT,BKC/USDT,BKC,USDT,True,Spot,,,1.0
BLACK_USDT,BLACK/USDT,BLACK,USDT,True,Spot,,,1.0
BLANK_USDT,BLANK/USDT,BLANK,USDT,False,Spot,Margin,,1.0
BLANKV2_USDT,BLANKV2/USDT,BLANKV2,USDT,True,Spot,,,1.0
BLES_USDT,BLES/USDT,BLES,USDT,True,Spot,Margin,,1.0
BLIN_USDT,BLIN/USDT,BLIN,USDT,True,Spot,,,1.0
BLOCK_USDT,BLOCK/USDT,BLOCK,USDT,True,Spot,,,1.0
BLOK_USDT,BLOK/USDT,BLOK,USDT,True,Spot,Margin,,1.0
BLT_USDT,BLT/USDT,BLT,USDT,True,Spot,,,1.0
BLY_USDT,BLY/USDT,BLY,USDT,True,Spot,,,1.0
BLZ_USDT,BLZ/USDT,BLZ,USDT,True,Spot,Margin,,1.0
BMI_USDT,BMI/USDT,BMI,USDT,True,Spot,,,1.0
BMON_USDT,BMON/USDT,BMON,USDT,True,Spot,,,1.0
BNB_USDT,BNB/USDT,BNB,USDT,True,Spot,Margin,,1.0
BNB3L_USDT,BNB3L/USDT,BNB3L,USDT,True,Spot,,,1.0
BNB3S_USDT,BNB3S/USDT,BNB3S,USDT,True,Spot,,,1.0
BNC_USDT,BNC/USDT,BNC,USDT,True,Spot,Margin,,1.0
BNTY_USDT,BNTY/USDT,BNTY,USDT,True,Spot,,,1.0
BNX_USDT,BNX/USDT,BNX,USDT,True,Spot,Margin,,1.0
BOA_USDT,BOA/USDT,BOA,USDT,True,Spot,,,1.0
BOBA_USDT,BOBA/USDT,BOBA,USDT,True,Spot,,,1.0
BOND_USDT,BOND/USDT,BOND,USDT,True,Spot,Margin,,1.0
BONDED_USDT,BONDED/USDT,BONDED,USDT,False,Spot,,,1.0
BONDLY_USDT,BONDLY/USDT,BONDLY,USDT,True,Spot,,,1.0
BOO_USDT,BOO/USDT,BOO,USDT,True,Spot,,,1.0
BORA_USDT,BORA/USDT,BORA,USDT,True,Spot,,,1.0
BORING_USDT,BORING/USDT,BORING,USDT,True,Spot,,,1.0
BOSON_USDT,BOSON/USDT,BOSON,USDT,True,Spot,Margin,,1.0
BP_USDT,BP/USDT,BP,USDT,True,Spot,,,1.0
BRKL_USDT,BRKL/USDT,BRKL,USDT,True,Spot,,,1.0
BRT_USDT,BRT/USDT,BRT,USDT,True,Spot,,,1.0
BRWL_USDT,BRWL/USDT,BRWL,USDT,True,Spot,,,1.0
BRY_USDT,BRY/USDT,BRY,USDT,True,Spot,,,1.0
BSCPAD_USDT,BSCPAD/USDT,BSCPAD,USDT,True,Spot,,,1.0
BSCS_USDT,BSCS/USDT,BSCS,USDT,True,Spot,,,1.0
BSV_USDT,BSV/USDT,BSV,USDT,True,Spot,Margin,,1.0
BSV3L_USDT,BSV3L/USDT,BSV3L,USDT,True,Spot,,,1.0
BSV3S_USDT,BSV3S/USDT,BSV3S,USDT,True,Spot,,,1.0
BSV5L_USDT,BSV5L/USDT,BSV5L,USDT,True,Spot,,,1.0
BSV5S_USDT,BSV5S/USDT,BSV5S,USDT,True,Spot,,,1.0
BSW_USDT,BSW/USDT,BSW,USDT,True,Spot,Margin,,1.0
BSW3L_USDT,BSW3L/USDT,BSW3L,USDT,True,Spot,,,1.0
BSW3S_USDT,BSW3S/USDT,BSW3S,USDT,True,Spot,,,1.0
BTC_USDT,BTC/USDT,BTC,USDT,True,Spot,Margin,,1.0
BTC3L_USDT,BTC3L/USDT,BTC3L,USDT,True,Spot,,,1.0
BTC3S_USDT,BTC3S/USDT,BTC3S,USDT,True,Spot,,,1.0
BTC5L_USDT,BTC5L/USDT,BTC5L,USDT,True,Spot,,,1.0
BTC5S_USDT,BTC5S/USDT,BTC5S,USDT,True,Spot,,,1.0
BTCST_USDT,BTCST/USDT,BTCST,USDT,True,Spot,Margin,,1.0
BTF_USDT,BTF/USDT,BTF,USDT,True,Spot,,,1.0
BTG_USDT,BTG/USDT,BTG,USDT,True,Spot,,,1.0
BTL_USDT,BTL/USDT,BTL,USDT,True,Spot,,,1.0
BTM_USDT,BTM/USDT,BTM,USDT,True,Spot,Margin,,1.0
BTM3L_USDT,BTM3L/USDT,BTM3L,USDT,True,Spot,,,1.0
BTM3S_USDT,BTM3S/USDT,BTM3S,USDT,True,Spot,,,1.0
BTO_USDT,BTO/USDT,BTO,USDT,True,Spot,,,1.0
BTRST_USDT,BTRST/USDT,BTRST,USDT,True,Spot,,,1.0
BTS_USDT,BTS/USDT,BTS,USDT,True,Spot,Margin,,1.0
BTT_USDT,BTT/USDT,BTT,USDT,True,Spot,Margin,,1.0
BU_USDT,BU/USDT,BU,USDT,False,Spot,,,1.0
BTCBULL_USDT,BULL/USDT,BULL,USDT,True,Spot,,,1.0
BURP_USDT,BURP/USDT,BURP,USDT,True,Spot,,,1.0
BUSY_USDT,BUSY/USDT,BUSY,USDT,True,Spot,,,1.0
BUY_USDT,BUY/USDT,BUY,USDT,True,Spot,,,1.0
BXC_USDT,BXC/USDT,BXC,USDT,True,Spot,,,1.0
BXH_USDT,BXH/USDT,BXH,USDT,True,Spot,,,1.0
BZRX_USDT,BZRX/USDT,BZRX,USDT,False,Spot,Margin,,1.0
BZZ_USDT,BZZ/USDT,BZZ,USDT,True,Spot,Margin,,1.0
BZZ3L_USDT,BZZ3L/USDT,BZZ3L,USDT,True,Spot,,,1.0
BZZ3S_USDT,BZZ3S/USDT,BZZ3S,USDT,True,Spot,,,1.0
BYN_USDT,BeyondFi/USDT,BeyondFi,USDT,True,Spot,,,1.0
BIFI_USDT,Bitcoin File/USDT,Bitcoin File,USDT,True,Spot,,,1.0
C98_USDT,C98/USDT,C98,USDT,True,Spot,Margin,,1.0
C983L_USDT,C983L/USDT,C983L,USDT,True,Spot,,,1.0
C983S_USDT,C983S/USDT,C983S,USDT,True,Spot,,,1.0
CAKE_USDT,CAKE/USDT,CAKE,USDT,True,Spot,Margin,,1.0
CAKE3L_USDT,CAKE3L/USDT,CAKE3L,USDT,True,Spot,,,1.0
CAKE3S_USDT,CAKE3S/USDT,CAKE3S,USDT,True,Spot,,,1.0
CAPS_USDT,CAPS/USDT,CAPS,USDT,True,Spot,,,1.0
CARDS_USDT,CARDS/USDT,CARDS,USDT,True,Spot,,,1.0
CART_USDT,CART/USDT,CART,USDT,True,Spot,Margin,,1.0
CATE_USDT,CATE/USDT,CATE,USDT,True,Spot,,,1.0
CBK_USDT,CBK/USDT,CBK,USDT,True,Spot,,,1.0
CCAR_USDT,CCAR/USDT,CCAR,USDT,True,Spot,,,1.0
CDT_USDT,CDT/USDT,CDT,USDT,False,Spot,,,1.0
CEEK_USDT,CEEK/USDT,CEEK,USDT,True,Spot,,,1.0
CEL_USDT,CEL/USDT,CEL,USDT,True,Spot,,,1.0
CELL_USDT,CELL/USDT,CELL,USDT,True,Spot,,,1.0
CELO_USDT,CELO/USDT,CELO,USDT,True,Spot,Margin,,1.0
CELR_USDT,CELR/USDT,CELR,USDT,True,Spot,Margin,,1.0
CELT_USDT,CELT/USDT,CELT,USDT,True,Spot,,,1.0
CERE_USDT,CERE/USDT,CERE,USDT,True,Spot,Margin,,1.0
CEUR_USDT,CEUR/USDT,CEUR,USDT,True,Spot,,,1.0
CFG_USDT,CFG/USDT,CFG,USDT,True,Spot,,,1.0
CFI_USDT,CFI/USDT,CFI,USDT,True,Spot,,,1.0
CFX_USDT,CFX/USDT,CFX,USDT,True,Spot,Margin,,1.0
CFX3L_USDT,CFX3L/USDT,CFX3L,USDT,True,Spot,,,1.0
CFX3S_USDT,CFX3S/USDT,CFX3S,USDT,True,Spot,,,1.0
CGG_USDT,CGG/USDT,CGG,USDT,True,Spot,,,1.0
CHAIN_USDT,CHAIN/USDT,CHAIN,USDT,True,Spot,,,1.0
CHAMP_USDT,CHAMP/USDT,CHAMP,USDT,True,Spot,,,1.0
CHEQ_USDT,CHEQ/USDT,CHEQ,USDT,True,Spot,,,1.0
CHER_USDT,CHER/USDT,CHER,USDT,True,Spot,,,1.0
CHESS_USDT,CHESS/USDT,CHESS,USDT,True,Spot,Margin,,1.0
CHICKS_USDT,CHICKS/USDT,CHICKS,USDT,True,Spot,,,1.0
CHNG_USDT,CHNG/USDT,CHNG,USDT,True,Spot,,,1.0
CHR_USDT,CHR/USDT,CHR,USDT,True,Spot,Margin,,1.0
CHZ_USDT,CHZ/USDT,CHZ,USDT,True,Spot,Margin,,1.0
CHZ3L_USDT,CHZ3L/USDT,CHZ3L,USDT,True,Spot,,,1.0
CHZ3S_USDT,CHZ3S/USDT,CHZ3S,USDT,True,Spot,,,1.0
CIR_USDT,CIR/USDT,CIR,USDT,True,Spot,,,1.0
CIRUS_USDT,CIRUS/USDT,CIRUS,USDT,True,Spot,,,1.0
CITY_USDT,CITY/USDT,CITY,USDT,True,Spot,,,1.0
CKB_USDT,CKB/USDT,CKB,USDT,True,Spot,Margin,,1.0
CLH_USDT,CLH/USDT,CLH,USDT,True,Spot,,,1.0
CLV_USDT,CLV/USDT,CLV,USDT,True,Spot,Margin,,1.0
CNAME_USDT,CNAME/USDT,CNAME,USDT,True,Spot,,,1.0
CNNS_USDT,CNNS/USDT,CNNS,USDT,True,Spot,Margin,,1.0
COCOS_USDT,COCOS/USDT,COCOS,USDT,True,Spot,,,1.0
COFI_USDT,COFI/USDT,COFI,USDT,True,Spot,,,1.0
COFIX_USDT,COFIX/USDT,COFIX,USDT,True,Spot,,,1.0
COMBO_USDT,COMBO/USDT,COMBO,USDT,True,Spot,,,1.0
COMP_USDT,COMP/USDT,COMP,USDT,True,Spot,Margin,,1.0
COMP3L_USDT,COMP3L/USDT,COMP3L,USDT,True,Spot,,,1.0
COMP3S_USDT,COMP3S/USDT,COMP3S,USDT,True,Spot,,,1.0
CONV_USDT,CONV/USDT,CONV,USDT,True,Spot,Margin,,1.0
COOK_USDT,COOK/USDT,COOK,USDT,True,Spot,Margin,,1.0
CORAL_USDT,CORAL/USDT,CORAL,USDT,True,Spot,,,1.0
CORE_USDT,CORE/USDT,CORE,USDT,True,Spot,,,1.0
CORN_USDT,CORN/USDT,CORN,USDT,True,Spot,,,1.0
COS_USDT,COS/USDT,COS,USDT,True,Spot,,,1.0
COTI_USDT,COTI/USDT,COTI,USDT,True,Spot,Margin,,1.0
COTI3L_USDT,COTI3L/USDT,COTI3L,USDT,True,Spot,,,1.0
COTI3S_USDT,COTI3S/USDT,COTI3S,USDT,True,Spot,,,1.0
COVAL_USDT,COVAL/USDT,COVAL,USDT,True,Spot,,,1.0
COVER_USDT,COVER/USDT,COVER,USDT,True,Spot,,,1.0
CPAN_USDT,CPAN/USDT,CPAN,USDT,True,Spot,,,1.0
CPHR_USDT,CPHR/USDT,CPHR,USDT,False,Spot,,,1.0
CPOOL_USDT,CPOOL/USDT,CPOOL,USDT,True,Spot,,,1.0
CQT_USDT,CQT/USDT,CQT,USDT,True,Spot,Margin,,1.0
CRAFT_USDT,CRAFT/USDT,CRAFT,USDT,True,Spot,,,1.0
CRBN_USDT,CRBN/USDT,CRBN,USDT,True,Spot,,,1.0
CRE_USDT,CRE/USDT,CRE,USDT,True,Spot,,,1.0
CRE8_USDT,CRE8/USDT,CRE8,USDT,True,Spot,,,1.0
CREAM_USDT,CREAM/USDT,CREAM,USDT,True,Spot,,,1.0
CREDIT_USDT,CREDIT/USDT,CREDIT,USDT,True,Spot,,,1.0
CRF_USDT,CRF/USDT,CRF,USDT,True,Spot,,,1.0
CRO_USDT,CRO/USDT,CRO,USDT,True,Spot,Margin,,1.0
CRO3L_USDT,CRO3L/USDT,CRO3L,USDT,True,Spot,,,1.0
CRO3S_USDT,CRO3S/USDT,CRO3S,USDT,True,Spot,,,1.0
CRP_USDT,CRP/USDT,CRP,USDT,True,Spot,Margin,,1.0
CRPT_USDT,CRPT/USDT,CRPT,USDT,True,Spot,,,1.0
CRT_USDT,CRT/USDT,CRT,USDT,True,Spot,,,1.0
CRTS_USDT,CRTS/USDT,CRTS,USDT,True,Spot,,,1.0
CRU_USDT,CRU/USDT,CRU,USDT,True,Spot,Margin,,1.0
CRV_USDT,CRV/USDT,CRV,USDT,True,Spot,Margin,,1.0
CRV3L_USDT,CRV3L/USDT,CRV3L,USDT,True,Spot,,,1.0
CRV3S_USDT,CRV3S/USDT,CRV3S,USDT,True,Spot,,,1.0
CS_USDT,CS/USDT,CS,USDT,True,Spot,,,1.0
CSPR_USDT,CSPR/USDT,CSPR,USDT,True,Spot,Margin,,1.0
CSPR3L_USDT,CSPR3L/USDT,CSPR3L,USDT,True,Spot,,,1.0
CSPR3S_USDT,CSPR3S/USDT,CSPR3S,USDT,True,Spot,,,1.0
CSTR_USDT,CSTR/USDT,CSTR,USDT,True,Spot,,,1.0
CTC_USDT,CTC/USDT,CTC,USDT,True,Spot,,,1.0
CTI_USDT,CTI/USDT,CTI,USDT,True,Spot,,,1.0
CTK_USDT,CTK/USDT,CTK,USDT,True,Spot,Margin,,1.0
CTRC_USDT,CTRC/USDT,CTRC,USDT,True,Spot,,,1.0
CTSI_USDT,CTSI/USDT,CTSI,USDT,True,Spot,Margin,,1.0
CTT_USDT,CTT/USDT,CTT,USDT,True,Spot,,,1.0
CTX_USDT,CTX/USDT,CTX,USDT,True,Spot,Margin,,1.0
CUDOS_USDT,CUDOS/USDT,CUDOS,USDT,True,Spot,,,1.0
CULT_USDT,CULT/USDT,CULT,USDT,True,Spot,,,1.0
CUMMIES_USDT,CUMMIES/USDT,CUMMIES,USDT,True,Spot,,,1.0
CUSD_USDT,CUSD/USDT,CUSD,USDT,True,Spot,,,1.0
CVC_USDT,CVC/USDT,CVC,USDT,True,Spot,Margin,,1.0
CVC3L_USDT,CVC3L/USDT,CVC3L,USDT,True,Spot,,,1.0
CVC3S_USDT,CVC3S/USDT,CVC3S,USDT,True,Spot,,,1.0
CVP_USDT,CVP/USDT,CVP,USDT,True,Spot,,,1.0
CVX_USDT,CVX/USDT,CVX,USDT,True,Spot,,,1.0
CWAR_USDT,CWAR/USDT,CWAR,USDT,True,Spot,,,1.0
CWEB_USDT,CWEB/USDT,CWEB,USDT,True,Spot,Margin,,1.0
CWS_USDT,CWS/USDT,CWS,USDT,True,Spot,,,1.0
CYS_USDT,CYS/USDT,CYS,USDT,True,Spot,Margin,,1.0
CZZ_USDT,CZZ/USDT,CZZ,USDT,True,Spot,,,1.0
DAFI_USDT,DAFI/USDT,DAFI,USDT,True,Spot,,,1.0
DAG_USDT,DAG/USDT,DAG,USDT,True,Spot,,,1.0
DAI_USDT,DAI/USDT,DAI,USDT,True,Spot,,,1.0
DAL_USDT,DAL/USDT,DAL,USDT,True,Spot,,,1.0
DANA_USDT,DANA/USDT,DANA,USDT,True,Spot,,,1.0
DAO_USDT,DAO/USDT,DAO,USDT,True,Spot,Margin,,1.0
DAR_USDT,DAR/USDT,DAR,USDT,True,Spot,Margin,,1.0
DARK_USDT,DARK/USDT,DARK,USDT,True,Spot,,,1.0
DASH_USDT,DASH/USDT,DASH,USDT,True,Spot,Margin,,1.0
DASH3L_USDT,DASH3L/USDT,DASH3L,USDT,True,Spot,,,1.0
DASH3S_USDT,DASH3S/USDT,DASH3S,USDT,True,Spot,,,1.0
DATA_USDT,DATA/USDT,DATA,USDT,True,Spot,Margin,,1.0
DBC_USDT,DBC/USDT,DBC,USDT,True,Spot,,,1.0
DCR_USDT,DCR/USDT,DCR,USDT,True,Spot,,,1.0
DDD_USDT,DDD/USDT,DDD,USDT,True,Spot,,,1.0
DDIM_USDT,DDIM/USDT,DDIM,USDT,True,Spot,,,1.0
DDOS_USDT,DDOS/USDT,DDOS,USDT,True,Spot,Margin,,1.0
DEFILAND_USDT,DEFILAND/USDT,DEFILAND,USDT,True,Spot,,,1.0
DEGO_USDT,DEGO/USDT,DEGO,USDT,True,Spot,Margin,,1.0
DEHUB_USDT,DEHUB/USDT,DEHUB,USDT,True,Spot,,,1.0
DEK_USDT,DEK/USDT,DEK,USDT,True,Spot,,,1.0
DELFI_USDT,DELFI/USDT,DELFI,USDT,True,Spot,,,1.0
DENT_USDT,DENT/USDT,DENT,USDT,True,Spot,Margin,,1.0
DEP_USDT,DEP/USDT,DEP,USDT,True,Spot,,,1.0
DEPO_USDT,DEPO/USDT,DEPO,USDT,False,Spot,,,1.0
DERC_USDT,DERC/USDT,DERC,USDT,True,Spot,,,1.0
DERI_USDT,DERI/USDT,DERI,USDT,True,Spot,,,1.0
DES_USDT,DES/USDT,DES,USDT,True,Spot,,,1.0
DEUS_USDT,DEUS/USDT,DEUS,USDT,True,Spot,,,1.0
DEVT_USDT,DEVT/USDT,DEVT,USDT,True,Spot,,,1.0
DEXE_USDT,DEXE/USDT,DEXE,USDT,True,Spot,,,1.0
DF_USDT,DF/USDT,DF,USDT,True,Spot,Margin,,1.0
DFA_USDT,DFA/USDT,DFA,USDT,True,Spot,,,1.0
DFL_USDT,DFL/USDT,DFL,USDT,True,Spot,,,1.0
DFND_USDT,DFND/USDT,DFND,USDT,True,Spot,,,1.0
DFY_USDT,DFY/USDT,DFY,USDT,True,Spot,,,1.0
DFYN_USDT,DFYN/USDT,DFYN,USDT,True,Spot,,,1.0
DG_USDT,DG/USDT,DG,USDT,True,Spot,,,1.0
DHV_USDT,DHV/USDT,DHV,USDT,True,Spot,,,1.0
DHX_USDT,DHX/USDT,DHX,USDT,True,Spot,,,1.0
DIA_USDT,DIA/USDT,DIA,USDT,True,Spot,Margin,,1.0
DIGG_USDT,DIGG/USDT,DIGG,USDT,True,Spot,,,1.0
DILI_USDT,DILI/USDT,DILI,USDT,True,Spot,,,1.0
DIO_USDT,DIO/USDT,DIO,USDT,True,Spot,,,1.0
DIS_USDT,DIS/USDT,DIS,USDT,True,Spot,,,1.0
DIVER_USDT,DIVER/USDT,DIVER,USDT,True,Spot,,,1.0
DKA_USDT,DKA/USDT,DKA,USDT,True,Spot,,,1.0
DLTA_USDT,DLTA/USDT,DLTA,USDT,True,Spot,,,1.0
DMLG_USDT,DMLG/USDT,DMLG,USDT,True,Spot,,,1.0
DMS_USDT,DMS/USDT,DMS,USDT,True,Spot,,,1.0
DMTR_USDT,DMTR/USDT,DMTR,USDT,True,Spot,,,1.0
DNXC_USDT,DNXC/USDT,DNXC,USDT,True,Spot,,,1.0
DOCK_USDT,DOCK/USDT,DOCK,USDT,True,Spot,Margin,,1.0
DODO_USDT,DODO/USDT,DODO,USDT,True,Spot,Margin,,1.0
DOE_USDT,DOE/USDT,DOE,USDT,True,Spot,,,1.0
DOG_USDT,DOG/USDT,DOG,USDT,True,Spot,Margin,,1.0
DOGA_USDT,DOGA/USDT,DOGA,USDT,True,Spot,,,1.0
DOGE_USDT,DOGE/USDT,DOGE,USDT,True,Spot,Margin,,1.0
DOGE3L_USDT,DOGE3L/USDT,DOGE3L,USDT,True,Spot,,,1.0
DOGE3S_USDT,DOGE3S/USDT,DOGE3S,USDT,True,Spot,,,1.0
DOGE5L_USDT,DOGE5L/USDT,DOGE5L,USDT,True,Spot,,,1.0
DOGE5S_USDT,DOGE5S/USDT,DOGE5S,USDT,True,Spot,,,1.0
DOGEDASH_USDT,DOGEDASH/USDT,DOGEDASH,USDT,True,Spot,,,1.0
DOGGY_USDT,DOGGY/USDT,DOGGY,USDT,True,Spot,Margin,,1.0
DOGNFT_USDT,DOGNFT/USDT,DOGNFT,USDT,True,Spot,,,1.0
DOME_USDT,DOME/USDT,DOME,USDT,True,Spot,,,1.0
DOMI_USDT,DOMI/USDT,DOMI,USDT,True,Spot,,,1.0
DOP_USDT,DOP/USDT,DOP,USDT,True,Spot,,,1.0
DORA_USDT,DORA/USDT,DORA,USDT,True,Spot,Margin,,1.0
DOS_USDT,DOS/USDT,DOS,USDT,True,Spot,,,1.0
DOSE_USDT,DOSE/USDT,DOSE,USDT,True,Spot,,,1.0
DOT_USDT,DOT/USDT,DOT,USDT,True,Spot,Margin,,1.0
DOT3L_USDT,DOT3L/USDT,DOT3L,USDT,True,Spot,,,1.0
DOT3S_USDT,DOT3S/USDT,DOT3S,USDT,True,Spot,,,1.0
DOT5L_USDT,DOT5L/USDT,DOT5L,USDT,True,Spot,,,1.0
DOT5S_USDT,DOT5S/USDT,DOT5S,USDT,True,Spot,,,1.0
DOWS_USDT,DOWS/USDT,DOWS,USDT,True,Spot,,,1.0
DPET_USDT,DPET/USDT,DPET,USDT,True,Spot,,,1.0
DPR_USDT,DPR/USDT,DPR,USDT,True,Spot,,,1.0
DPY_USDT,DPY/USDT,DPY,USDT,True,Spot,,,1.0
DREP_USDT,DREP/USDT,DREP,USDT,True,Spot,Margin,,1.0
DRGN_USDT,DRGN/USDT,DRGN,USDT,True,Spot,,,1.0
DSD_USDT,DSD/USDT,DSD,USDT,False,Spot,,,1.0
DSLA_USDT,DSLA/USDT,DSLA,USDT,True,Spot,,,1.0
DUCK_USDT,DUCK/USDT,DUCK,USDT,True,Spot,,,1.0
DUCK2_USDT,DUCK2/USDT,DUCK2,USDT,True,Spot,,,1.0
DUSK_USDT,DUSK/USDT,DUSK,USDT,True,Spot,,,1.0
DV_USDT,DV/USDT,DV,USDT,True,Spot,,,1.0
DVI_USDT,DVI/USDT,DVI,USDT,True,Spot,Margin,,1.0
DVP_USDT,DVP/USDT,DVP,USDT,True,Spot,,,1.0
DX_USDT,DX/USDT,DX,USDT,True,Spot,,,1.0
DXCT_USDT,DXCT/USDT,DXCT,USDT,True,Spot,,,1.0
DYDX_USDT,DYDX/USDT,DYDX,USDT,True,Spot,Margin,,1.0
DYDX3L_USDT,DYDX3L/USDT,DYDX3L,USDT,True,Spot,,,1.0
DYDX3S_USDT,DYDX3S/USDT,DYDX3S,USDT,True,Spot,,,1.0
DYP_USDT,DYP/USDT,DYP,USDT,True,Spot,,,1.0
BOX_USDT,DefiBox/USDT,DefiBox,USDT,True,Spot,,,1.0
EDEN_USDT,EDEN/USDT,EDEN,USDT,True,Spot,Margin,,1.0
EDG_USDT,EDG/USDT,EDG,USDT,True,Spot,,,1.0
EFI_USDT,EFI/USDT,EFI,USDT,True,Spot,Margin,,1.0
EGAME_USDT,EGAME/USDT,EGAME,USDT,True,Spot,,,1.0
EGLD_USDT,EGLD/USDT,EGLD,USDT,True,Spot,Margin,,1.0
EGLD3L_USDT,EGLD3L/USDT,EGLD3L,USDT,True,Spot,,,1.0
EGLD3S_USDT,EGLD3S/USDT,EGLD3S,USDT,True,Spot,,,1.0
EGS_USDT,EGS/USDT,EGS,USDT,True,Spot,Margin,,1.0
EHASH_USDT,EHASH/USDT,EHASH,USDT,True,Spot,,,1.0
EJS_USDT,EJS/USDT,EJS,USDT,True,Spot,,,1.0
ELEC_USDT,ELEC/USDT,ELEC,USDT,True,Spot,,,1.0
ELF_USDT,ELF/USDT,ELF,USDT,True,Spot,,,1.0
ELU_USDT,ELU/USDT,ELU,USDT,True,Spot,,,1.0
EMON_USDT,EMON/USDT,EMON,USDT,True,Spot,,,1.0
EMPIRE_USDT,EMPIRE/USDT,EMPIRE,USDT,True,Spot,,,1.0
ENJ_USDT,ENJ/USDT,ENJ,USDT,True,Spot,Margin,,1.0
ENJ3L_USDT,ENJ3L/USDT,ENJ3L,USDT,True,Spot,,,1.0
ENJ3S_USDT,ENJ3S/USDT,ENJ3S,USDT,True,Spot,,,1.0
ENNO_USDT,ENNO/USDT,ENNO,USDT,True,Spot,,,1.0
ENS_USDT,ENS/USDT,ENS,USDT,True,Spot,Margin,,1.0
ENV_USDT,ENV/USDT,ENV,USDT,True,Spot,,,1.0
EOS_USDT,EOS/USDT,EOS,USDT,True,Spot,Margin,,1.0
EOS3L_USDT,EOS3L/USDT,EOS3L,USDT,True,Spot,,,1.0
EOS3S_USDT,EOS3S/USDT,EOS3S,USDT,True,Spot,,,1.0
EOS5L_USDT,EOS5L/USDT,EOS5L,USDT,True,Spot,,,1.0
EOS5S_USDT,EOS5S/USDT,EOS5S,USDT,True,Spot,,,1.0
EOSBEAR_USDT,EOSBEAR/USDT,EOSBEAR,USDT,True,Spot,,,1.0
EOSBULL_USDT,EOSBULL/USDT,EOSBULL,USDT,True,Spot,,,1.0
EOSDAC_USDT,EOSDAC/USDT,EOSDAC,USDT,True,Spot,,,1.0
EPIK_USDT,EPIK/USDT,EPIK,USDT,True,Spot,,,1.0
EPK_USDT,EPK/USDT,EPK,USDT,True,Spot,Margin,,1.0
EPX_USDT,EPX/USDT,EPX,USDT,True,Spot,,,1.0
EQX_USDT,EQX/USDT,EQX,USDT,True,Spot,,,1.0
ERG_USDT,ERG/USDT,ERG,USDT,True,Spot,Margin,,1.0
ERN_USDT,ERN/USDT,ERN,USDT,True,Spot,Margin,,1.0
ESD_USDT,ESD/USDT,ESD,USDT,True,Spot,,,1.0
ESG_USDT,ESG/USDT,ESG,USDT,True,Spot,,,1.0
ESS_USDT,ESS/USDT,ESS,USDT,True,Spot,,,1.0
ETC_USDT,ETC/USDT,ETC,USDT,True,Spot,Margin,,1.0
ETC3L_USDT,ETC3L/USDT,ETC3L,USDT,True,Spot,,,1.0
ETC3S_USDT,ETC3S/USDT,ETC3S,USDT,True,Spot,,,1.0
ETERNAL_USDT,ETERNAL/USDT,ETERNAL,USDT,True,Spot,,,1.0
ETH_USDT,ETH/USDT,ETH,USDT,True,Spot,Margin,,1.0
ETH2_USDT,ETH2/USDT,ETH2,USDT,True,Spot,,,1.0
ETH3L_USDT,ETH3L/USDT,ETH3L,USDT,True,Spot,,,1.0
ETH3S_USDT,ETH3S/USDT,ETH3S,USDT,True,Spot,,,1.0
ETH5L_USDT,ETH5L/USDT,ETH5L,USDT,True,Spot,,,1.0
ETH5S_USDT,ETH5S/USDT,ETH5S,USDT,True,Spot,,,1.0
ETHA_USDT,ETHA/USDT,ETHA,USDT,True,Spot,,,1.0
ETHBULL_USDT,ETHBULL/USDT,ETHBULL,USDT,True,Spot,,,1.0
EURT_USDT,EURT/USDT,EURT,USDT,True,Spot,,,1.0
EVA_USDT,EVA/USDT,EVA,USDT,True,Spot,,,1.0
EVER_USDT,EVER/USDT,EVER,USDT,True,Spot,,,1.0
EVRY_USDT,EVRY/USDT,EVRY,USDT,True,Spot,,,1.0
EWT_USDT,EWT/USDT,EWT,USDT,True,Spot,,,1.0
EZ_USDT,EZ/USDT,EZ,USDT,True,Spot,,,1.0
F2C_USDT,F2C/USDT,F2C,USDT,True,Spot,,,1.0
FALCONS_USDT,FALCONS/USDT,FALCONS,USDT,True,Spot,,,1.0
FAME_USDT,FAME/USDT,FAME,USDT,True,Spot,,,1.0
FAN_USDT,FAN/USDT,FAN,USDT,True,Spot,,,1.0
FAR_USDT,FAR/USDT,FAR,USDT,True,Spot,,,1.0
FARM_USDT,FARM/USDT,FARM,USDT,True,Spot,Margin,,1.0
FAST_USDT,FAST/USDT,FAST,USDT,True,Spot,,,1.0
FCD_USDT,FCD/USDT,FCD,USDT,True,Spot,,,1.0
FCON_USDT,FCON/USDT,FCON,USDT,True,Spot,,,1.0
FEAR_USDT,FEAR/USDT,FEAR,USDT,True,Spot,,,1.0
FEI_USDT,FEI/USDT,FEI,USDT,True,Spot,Margin,,1.0
FET_USDT,FET/USDT,FET,USDT,True,Spot,Margin,,1.0
FEVR_USDT,FEVR/USDT,FEVR,USDT,True,Spot,Margin,,1.0
FIC_USDT,FIC/USDT,FIC,USDT,True,Spot,Margin,,1.0
FIDA_USDT,FIDA/USDT,FIDA,USDT,True,Spot,Margin,,1.0
FIL_USDT,FIL/USDT,FIL,USDT,True,Spot,Margin,,1.0
FIL3L_USDT,FIL3L/USDT,FIL3L,USDT,True,Spot,,,1.0
FIL3S_USDT,FIL3S/USDT,FIL3S,USDT,True,Spot,,,1.0
FILDA_USDT,FILDA/USDT,FILDA,USDT,True,Spot,,,1.0
FIN_USDT,FIN/USDT,FIN,USDT,True,Spot,,,1.0
FINE_USDT,FINE/USDT,FINE,USDT,True,Spot,,,1.0
FIO_USDT,FIO/USDT,FIO,USDT,True,Spot,,,1.0
FIRE_USDT,FIRE/USDT,FIRE,USDT,True,Spot,,,1.0
FIRO_USDT,FIRO/USDT,FIRO,USDT,True,Spot,Margin,,1.0
FIS_USDT,FIS/USDT,FIS,USDT,True,Spot,Margin,,1.0
FITFI_USDT,FITFI/USDT,FITFI,USDT,True,Spot,Margin,,1.0
FITFI3L_USDT,FITFI3L/USDT,FITFI3L,USDT,True,Spot,,,1.0
FITFI3S_USDT,FITFI3S/USDT,FITFI3S,USDT,True,Spot,,,1.0
FIWA_USDT,FIWA/USDT,FIWA,USDT,True,Spot,,,1.0
FLM_USDT,FLM/USDT,FLM,USDT,True,Spot,Margin,,1.0
FLOKI_USDT,FLOKI/USDT,FLOKI,USDT,True,Spot,Margin,,1.0
FLOW_USDT,FLOW/USDT,FLOW,USDT,True,Spot,Margin,,1.0
FLURRY_USDT,FLURRY/USDT,FLURRY,USDT,True,Spot,,,1.0
FLUX_USDT,FLUX/USDT,FLUX,USDT,True,Spot,Margin,,1.0
FLY_USDT,FLY/USDT,FLY,USDT,True,Spot,Margin,,1.0
FODL_USDT,FODL/USDT,FODL,USDT,True,Spot,,,1.0
FOR_USDT,FOR/USDT,FOR,USDT,True,Spot,Margin,,1.0
FOREX_USDT,FOREX/USDT,FOREX,USDT,True,Spot,,,1.0
FORM_USDT,FORM/USDT,FORM,USDT,True,Spot,,,1.0
FORTH_USDT,FORTH/USDT,FORTH,USDT,True,Spot,Margin,,1.0
FOX_USDT,FOX/USDT,FOX,USDT,True,Spot,,,1.0
FRA_USDT,FRA/USDT,FRA,USDT,True,Spot,Margin,,1.0
FRAX_USDT,FRAX/USDT,FRAX,USDT,True,Spot,,,1.0
FRIN_USDT,FRIN/USDT,FRIN,USDT,True,Spot,,,1.0
FRM_USDT,FRM/USDT,FRM,USDT,True,Spot,,,1.0
FROG_USDT,FROG/USDT,FROG,USDT,True,Spot,,,1.0
FRONT_USDT,FRONT/USDT,FRONT,USDT,True,Spot,Margin,,1.0
FRR_USDT,FRR/USDT,FRR,USDT,True,Spot,,,1.0
FSN_USDT,FSN/USDT,FSN,USDT,True,Spot,,,1.0
FST_USDT,FST/USDT,FST,USDT,True,Spot,,,1.0
FTI_USDT,FTI/USDT,FTI,USDT,True,Spot,Margin,,1.0
FTM_USDT,FTM/USDT,FTM,USDT,True,Spot,Margin,,1.0
FTM3L_USDT,FTM3L/USDT,FTM3L,USDT,True,Spot,,,1.0
FTM3S_USDT,FTM3S/USDT,FTM3S,USDT,True,Spot,,,1.0
FTRB_USDT,FTRB/USDT,FTRB,USDT,True,Spot,,,1.0
FTT_USDT,FTT/USDT,FTT,USDT,True,Spot,Margin,,1.0
FTT3L_USDT,FTT3L/USDT,FTT3L,USDT,True,Spot,,,1.0
FTT3S_USDT,FTT3S/USDT,FTT3S,USDT,True,Spot,,,1.0
FUEL_USDT,FUEL/USDT,FUEL,USDT,True,Spot,,,1.0
FUN_USDT,FUN/USDT,FUN,USDT,True,Spot,Margin,,1.0
FUSE_USDT,FUSE/USDT,FUSE,USDT,True,Spot,,,1.0
FX_USDT,FX/USDT,FX,USDT,True,Spot,,,1.0
FXF_USDT,FXF/USDT,FXF,USDT,True,Spot,,,1.0
FXS_USDT,FXS/USDT,FXS,USDT,True,Spot,Margin,,1.0
GAFI_USDT,GAFI/USDT,GAFI,USDT,True,Spot,,,1.0
GAIA_USDT,GAIA/USDT,GAIA,USDT,True,Spot,,,1.0
GAL_USDT,GAL/USDT,GAL,USDT,True,Spot,Margin,,1.0
GAL3L_USDT,GAL3L/USDT,GAL3L,USDT,True,Spot,,,1.0
GAL3S_USDT,GAL3S/USDT,GAL3S,USDT,True,Spot,,,1.0
GALA_USDT,GALA/USDT,GALA,USDT,True,Spot,Margin,,1.0
GALA3L_USDT,GALA3L/USDT,GALA3L,USDT,True,Spot,,,1.0
GALA3S_USDT,GALA3S/USDT,GALA3S,USDT,True,Spot,,,1.0
GALA5L_USDT,GALA5L/USDT,GALA5L,USDT,True,Spot,,,1.0
GALA5S_USDT,GALA5S/USDT,GALA5S,USDT,True,Spot,,,1.0
GALFAN_USDT,GALFAN/USDT,GALFAN,USDT,True,Spot,,,1.0
GAME_USDT,GAME/USDT,GAME,USDT,True,Spot,,,1.0
GAN_USDT,GAN/USDT,GAN,USDT,True,Spot,,,1.0
GARD_USDT,GARD/USDT,GARD,USDT,True,Spot,,,1.0
GARI_USDT,GARI/USDT,GARI,USDT,True,Spot,Margin,,1.0
GAS_USDT,GAS/USDT,GAS,USDT,True,Spot,Margin,,1.0
GASDAO_USDT,GASDAO/USDT,GASDAO,USDT,True,Spot,,,1.0
GCOIN_USDT,GCOIN/USDT,GCOIN,USDT,True,Spot,,,1.0
GDAO_USDT,GDAO/USDT,GDAO,USDT,True,Spot,,,1.0
GDT_USDT,GDT/USDT,GDT,USDT,True,Spot,,,1.0
GEL_USDT,GEL/USDT,GEL,USDT,True,Spot,,,1.0
GEM_USDT,GEM/USDT,GEM,USDT,True,Spot,,,1.0
GENS_USDT,GENS/USDT,GENS,USDT,True,Spot,,,1.0
GF_USDT,GF/USDT,GF,USDT,True,Spot,,,1.0
GFI_USDT,GFI/USDT,GFI,USDT,True,Spot,,,1.0
GGG_USDT,GGG/USDT,GGG,USDT,True,Spot,,,1.0
GGM_USDT,GGM/USDT,GGM,USDT,True,Spot,,,1.0
GHST_USDT,GHST/USDT,GHST,USDT,True,Spot,Margin,,1.0
GITCOIN_USDT,GITCOIN/USDT,GITCOIN,USDT,True,Spot,,,1.0
GLM_USDT,GLM/USDT,GLM,USDT,True,Spot,,,1.0
GLMR_USDT,GLMR/USDT,GLMR,USDT,True,Spot,Margin,,1.0
GLMR3L_USDT,GLMR3L/USDT,GLMR3L,USDT,True,Spot,,,1.0
GLMR3S_USDT,GLMR3S/USDT,GLMR3S,USDT,True,Spot,,,1.0
GLQ_USDT,GLQ/USDT,GLQ,USDT,True,Spot,,,1.0
GM_USDT,GM/USDT,GM,USDT,True,Spot,Margin,,1.0
GMAT_USDT,GMAT/USDT,GMAT,USDT,True,Spot,Margin,,1.0
GMEE_USDT,GMEE/USDT,GMEE,USDT,True,Spot,,,1.0
GMM_USDT,GMM/USDT,GMM,USDT,True,Spot,,,1.0
GMPD_USDT,GMPD/USDT,GMPD,USDT,True,Spot,,,1.0
GMT_USDT,GMT/USDT,GMT,USDT,True,Spot,Margin,,1.0
GMT3L_USDT,GMT3L/USDT,GMT3L,USDT,True,Spot,,,1.0
GMT3S_USDT,GMT3S/USDT,GMT3S,USDT,True,Spot,,,1.0
GNO_USDT,GNO/USDT,GNO,USDT,True,Spot,Margin,,1.0
GNX_USDT,GNX/USDT,GNX,USDT,True,Spot,,,1.0
GO_USDT,GO/USDT,GO,USDT,True,Spot,,,1.0
GOD_USDT,GOD/USDT,GOD,USDT,True,Spot,,,1.0
GOF_USDT,GOF/USDT,GOF,USDT,True,Spot,,,1.0
GOFX_USDT,GOFX/USDT,GOFX,USDT,True,Spot,,,1.0
GOLD_USDT,GOLD/USDT,GOLD,USDT,True,Spot,,,1.0
GOLDMINER_USDT,GOLDMINER/USDT,GOLDMINER,USDT,True,Spot,,,1.0
GOVI_USDT,GOVI/USDT,GOVI,USDT,True,Spot,,,1.0
GQ_USDT,GQ/USDT,GQ,USDT,True,Spot,,,1.0
GRAP_USDT,GRAP/USDT,GRAP,USDT,False,Spot,,,1.0
GRBE_USDT,GRBE/USDT,GRBE,USDT,True,Spot,,,1.0
GRIN_USDT,GRIN/USDT,GRIN,USDT,True,Spot,Margin,,1.0
GRIN3L_USDT,GRIN3L/USDT,GRIN3L,USDT,True,Spot,,,1.0
GRIN3S_USDT,GRIN3S/USDT,GRIN3S,USDT,True,Spot,,,1.0
GRT_USDT,GRT/USDT,GRT,USDT,True,Spot,Margin,,1.0
GRT3L_USDT,GRT3L/USDT,GRT3L,USDT,True,Spot,,,1.0
GRT3S_USDT,GRT3S/USDT,GRT3S,USDT,True,Spot,,,1.0
GS_USDT,GS/USDT,GS,USDT,True,Spot,,,1.0
GSE_USDT,GSE/USDT,GSE,USDT,True,Spot,,,1.0
GSPI_USDT,GSPI/USDT,GSPI,USDT,True,Spot,,,1.0
GST_USDT,GST/USDT,GST,USDT,True,Spot,Margin,,1.0
GST3L_USDT,GST3L/USDT,GST3L,USDT,True,Spot,,,1.0
GST3S_USDT,GST3S/USDT,GST3S,USDT,True,Spot,,,1.0
GT_USDT,GT/USDT,GT,USDT,True,Spot,Margin,,1.0
GTH_USDT,GTH/USDT,GTH,USDT,True,Spot,,,1.0
GUM_USDT,GUM/USDT,GUM,USDT,True,Spot,,,1.0
GXS_USDT,GXS/USDT,GXS,USDT,False,Spot,Margin,,1.0
GZONE_USDT,GZONE/USDT,GZONE,USDT,True,Spot,,,1.0
GTC_USDT,Game.com/USDT,Game.com,USDT,True,Spot,Margin,,1.0
EGG_USDT,Goose Finance/USDT,Goose Finance,USDT,True,Spot,,,1.0
HAI_USDT,HAI/USDT,HAI,USDT,True,Spot,Margin,,1.0
HAPI_USDT,HAPI/USDT,HAPI,USDT,True,Spot,Margin,,1.0
HARD_USDT,HARD/USDT,HARD,USDT,True,Spot,,,1.0
HBAR_USDT,HBAR/USDT,HBAR,USDT,True,Spot,Margin,,1.0
HBAR3L_USDT,HBAR3L/USDT,HBAR3L,USDT,True,Spot,,,1.0
HBAR3S_USDT,HBAR3S/USDT,HBAR3S,USDT,True,Spot,,,1.0
HC_USDT,HC/USDT,HC,USDT,True,Spot,,,1.0
HCT_USDT,HCT/USDT,HCT,USDT,True,Spot,,,1.0
HDV_USDT,HDV/USDT,HDV,USDT,True,Spot,,,1.0
HE_USDT,HE/USDT,HE,USDT,True,Spot,,,1.0
HEART_USDT,HEART/USDT,HEART,USDT,True,Spot,,,1.0
HECH_USDT,HECH/USDT,HECH,USDT,True,Spot,,,1.0
HEGIC_USDT,HEGIC/USDT,HEGIC,USDT,True,Spot,Margin,,1.0
HERA_USDT,HERA/USDT,HERA,USDT,True,Spot,,,1.0
HERO_USDT,HERO/USDT,HERO,USDT,True,Spot,Margin,,1.0
HGET_USDT,HGET/USDT,HGET,USDT,True,Spot,,,1.0
HIBIKI_USDT,HIBIKI/USDT,HIBIKI,USDT,True,Spot,,,1.0
HID_USDT,HID/USDT,HID,USDT,True,Spot,,,1.0
HIGH_USDT,HIGH/USDT,HIGH,USDT,True,Spot,Margin,,1.0
HIVE_USDT,HIVE/USDT,HIVE,USDT,True,Spot,,,1.0
HMT_USDT,HMT/USDT,HMT,USDT,True,Spot,Margin,,1.0
HNS_USDT,HNS/USDT,HNS,USDT,True,Spot,,,1.0
HNT_USDT,HNT/USDT,HNT,USDT,True,Spot,Margin,,1.0
HOD_USDT,HOD/USDT,HOD,USDT,True,Spot,,,1.0
HOGE_USDT,HOGE/USDT,HOGE,USDT,True,Spot,,,1.0
HOPR_USDT,HOPR/USDT,HOPR,USDT,True,Spot,,,1.0
HORD_USDT,HORD/USDT,HORD,USDT,True,Spot,Margin,,1.0
HOT_USDT,HOT/USDT,HOT,USDT,True,Spot,Margin,,1.0
HOTCROSS_USDT,HOTCROSS/USDT,HOTCROSS,USDT,True,Spot,,,1.0
HPB_USDT,HPB/USDT,HPB,USDT,True,Spot,,,1.0
HSC_USDT,HSC/USDT,HSC,USDT,True,Spot,,,1.0
HSF_USDT,HSF/USDT,HSF,USDT,True,Spot,,,1.0
HT_USDT,HT/USDT,HT,USDT,True,Spot,Margin,,1.0
HT3L_USDT,HT3L/USDT,HT3L,USDT,True,Spot,,,1.0
HT3S_USDT,HT3S/USDT,HT3S,USDT,True,Spot,,,1.0
HTR_USDT,HTR/USDT,HTR,USDT,True,Spot,,,1.0
HYDRA_USDT,HYDRA/USDT,HYDRA,USDT,True,Spot,,,1.0
HYVE_USDT,HYVE/USDT,HYVE,USDT,True,Spot,,,1.0
HIT_USDT,HitChain/USDT,HitChain,USDT,True,Spot,Margin,,1.0
IAG_USDT,IAG/USDT,IAG,USDT,True,Spot,,,1.0
ICE_USDT,ICE/USDT,ICE,USDT,True,Spot,,,1.0
ICONS_USDT,ICONS/USDT,ICONS,USDT,True,Spot,,,1.0
ICP_USDT,ICP/USDT,ICP,USDT,True,Spot,Margin,,1.0
ICP3L_USDT,ICP3L/USDT,ICP3L,USDT,True,Spot,,,1.0
ICP3S_USDT,ICP3S/USDT,ICP3S,USDT,True,Spot,,,1.0
ICX_USDT,ICX/USDT,ICX,USDT,True,Spot,Margin,,1.0
IDEA_USDT,IDEA/USDT,IDEA,USDT,True,Spot,,,1.0
IDEX_USDT,IDEX/USDT,IDEX,USDT,True,Spot,,,1.0
IDV_USDT,IDV/USDT,IDV,USDT,True,Spot,Margin,,1.0
IHT_USDT,IHT/USDT,IHT,USDT,True,Spot,,,1.0
ILV_USDT,ILV/USDT,ILV,USDT,True,Spot,,,1.0
IMX_USDT,IMX/USDT,IMX,USDT,True,Spot,Margin,,1.0
IMX3L_USDT,IMX3L/USDT,IMX3L,USDT,True,Spot,,,1.0
IMX3S_USDT,IMX3S/USDT,IMX3S,USDT,True,Spot,,,1.0
INDI_USDT,INDI/USDT,INDI,USDT,True,Spot,,,1.0
INJ_USDT,INJ/USDT,INJ,USDT,True,Spot,Margin,,1.0
INK_USDT,INK/USDT,INK,USDT,True,Spot,,,1.0
INSUR_USDT,INSUR/USDT,INSUR,USDT,True,Spot,Margin,,1.0
INV_USDT,INV/USDT,INV,USDT,True,Spot,,,1.0
IOEN_USDT,IOEN/USDT,IOEN,USDT,True,Spot,,,1.0
IOI_USDT,IOI/USDT,IOI,USDT,True,Spot,,,1.0
IONX_USDT,IONX/USDT,IONX,USDT,True,Spot,,,1.0
IOST_USDT,IOST/USDT,IOST,USDT,True,Spot,Margin,,1.0
IOST3L_USDT,IOST3L/USDT,IOST3L,USDT,True,Spot,,,1.0
IOST3S_USDT,IOST3S/USDT,IOST3S,USDT,True,Spot,,,1.0
IOTA_USDT,IOTA/USDT,IOTA,USDT,True,Spot,Margin,,1.0
IOTX_USDT,IOTX/USDT,IOTX,USDT,True,Spot,Margin,,1.0
IPAD_USDT,IPAD/USDT,IPAD,USDT,True,Spot,,,1.0
IRIS_USDT,IRIS/USDT,IRIS,USDT,True,Spot,Margin,,1.0
ISKY_USDT,ISKY/USDT,ISKY,USDT,True,Spot,,,1.0
ISP_USDT,ISP/USDT,ISP,USDT,True,Spot,Margin,,1.0
ITAMCUBE_USDT,ITAMCUBE/USDT,ITAMCUBE,USDT,True,Spot,,,1.0
ITGR_USDT,ITGR/USDT,ITGR,USDT,True,Spot,,,1.0
IZI_USDT,IZI/USDT,IZI,USDT,True,Spot,,,1.0
JASMY_USDT,JASMY/USDT,JASMY,USDT,True,Spot,Margin,,1.0
JASMY3L_USDT,JASMY3L/USDT,JASMY3L,USDT,True,Spot,,,1.0
JASMY3S_USDT,JASMY3S/USDT,JASMY3S,USDT,True,Spot,,,1.0
JFI_USDT,JFI/USDT,JFI,USDT,True,Spot,,,1.0
JGN_USDT,JGN/USDT,JGN,USDT,True,Spot,Margin,,1.0
JOE_USDT,JOE/USDT,JOE,USDT,True,Spot,,,1.0
JOY_USDT,JOY/USDT,JOY,USDT,True,Spot,,,1.0
JST_USDT,JST/USDT,JST,USDT,True,Spot,Margin,,1.0
JST3L_USDT,JST3L/USDT,JST3L,USDT,True,Spot,,,1.0
JST3S_USDT,JST3S/USDT,JST3S,USDT,True,Spot,,,1.0
JULD_USDT,JULD/USDT,JULD,USDT,True,Spot,Margin,,1.0
JUV_USDT,JUV/USDT,JUV,USDT,True,Spot,,,1.0
K21_USDT,K21/USDT,K21,USDT,True,Spot,,,1.0
KABY_USDT,KABY/USDT,KABY,USDT,False,Spot,,,1.0
KAI_USDT,KAI/USDT,KAI,USDT,True,Spot,Margin,,1.0
KALM_USDT,KALM/USDT,KALM,USDT,True,Spot,,,1.0
KAR_USDT,KAR/USDT,KAR,USDT,True,Spot,Margin,,1.0
KART_USDT,KART/USDT,KART,USDT,True,Spot,,,1.0
KASTA_USDT,KASTA/USDT,KASTA,USDT,True,Spot,,,1.0
KAVA_USDT,KAVA/USDT,KAVA,USDT,True,Spot,Margin,,1.0
KAVA3L_USDT,KAVA3L/USDT,KAVA3L,USDT,True,Spot,,,1.0
KAVA3S_USDT,KAVA3S/USDT,KAVA3S,USDT,True,Spot,,,1.0
KBD_USDT,KBD/USDT,KBD,USDT,True,Spot,,,1.0
KBOX_USDT,KBOX/USDT,KBOX,USDT,True,Spot,,,1.0
KDA_USDT,KDA/USDT,KDA,USDT,True,Spot,Margin,,1.0
KEEP_USDT,KEEP/USDT,KEEP,USDT,False,Spot,Margin,,1.0
KEX_USDT,KEX/USDT,KEX,USDT,True,Spot,,,1.0
KEY_USDT,KEY/USDT,KEY,USDT,True,Spot,Margin,,1.0
KFC_USDT,KFC/USDT,KFC,USDT,True,Spot,,,1.0
KFT_USDT,KFT/USDT,KFT,USDT,True,Spot,,,1.0
KGC_USDT,KGC/USDT,KGC,USDT,True,Spot,,,1.0
KIBA_USDT,KIBA/USDT,KIBA,USDT,True,Spot,,,1.0
KIF_USDT,KIF/USDT,KIF,USDT,True,Spot,,,1.0
KILT_USDT,KILT/USDT,KILT,USDT,True,Spot,,,1.0
KIMCHI_USDT,KIMCHI/USDT,KIMCHI,USDT,True,Spot,Margin,,1.0
KIN_USDT,KIN/USDT,KIN,USDT,True,Spot,Margin,,1.0
KINE_USDT,KINE/USDT,KINE,USDT,True,Spot,,,1.0
KINGSHIB_USDT,KINGSHIB/USDT,KINGSHIB,USDT,True,Spot,,,1.0
KINT_USDT,KINT/USDT,KINT,USDT,True,Spot,,,1.0
KLAY_USDT,KLAY/USDT,KLAY,USDT,True,Spot,Margin,,1.0
KLAY3L_USDT,KLAY3L/USDT,KLAY3L,USDT,True,Spot,,,1.0
KLAY3S_USDT,KLAY3S/USDT,KLAY3S,USDT,True,Spot,,,1.0
KLO_USDT,KLO/USDT,KLO,USDT,True,Spot,,,1.0
KLV_USDT,KLV/USDT,KLV,USDT,True,Spot,,,1.0
KMA_USDT,KMA/USDT,KMA,USDT,True,Spot,,,1.0
KMON_USDT,KMON/USDT,KMON,USDT,True,Spot,,,1.0
KNC_USDT,KNC/USDT,KNC,USDT,True,Spot,Margin,,1.0
KNIGHT_USDT,KNIGHT/USDT,KNIGHT,USDT,True,Spot,,,1.0
KNOT_USDT,KNOT/USDT,KNOT,USDT,True,Spot,,,1.0
KOK_USDT,KOK/USDT,KOK,USDT,True,Spot,,,1.0
KONO_USDT,KONO/USDT,KONO,USDT,True,Spot,Margin,,1.0
KP3R_USDT,KP3R/USDT,KP3R,USDT,True,Spot,,,1.0
KPAD_USDT,KPAD/USDT,KPAD,USDT,True,Spot,,,1.0
KRL_USDT,KRL/USDT,KRL,USDT,True,Spot,,,1.0
KSM_USDT,KSM/USDT,KSM,USDT,True,Spot,Margin,,1.0
KSM3L_USDT,KSM3L/USDT,KSM3L,USDT,True,Spot,,,1.0
KSM3S_USDT,KSM3S/USDT,KSM3S,USDT,True,Spot,,,1.0
KST_USDT,KST/USDT,KST,USDT,True,Spot,,,1.0
KT_USDT,KT/USDT,KT,USDT,True,Spot,,,1.0
KTN_USDT,KTN/USDT,KTN,USDT,True,Spot,,,1.0
KTON_USDT,KTON/USDT,KTON,USDT,True,Spot,,,1.0
KUB_USDT,KUB/USDT,KUB,USDT,True,Spot,,,1.0
KWS_USDT,KWS/USDT,KWS,USDT,True,Spot,,,1.0
KYL_USDT,KYL/USDT,KYL,USDT,True,Spot,,,1.0
KZEN_USDT,KZEN/USDT,KZEN,USDT,True,Spot,,,1.0
L3P_USDT,L3P/USDT,L3P,USDT,True,Spot,,,1.0
LABS_USDT,LABS/USDT,LABS,USDT,True,Spot,,,1.0
LAMB_USDT,LAMB/USDT,LAMB,USDT,True,Spot,Margin,,1.0
LAND_USDT,LAND/USDT,LAND,USDT,True,Spot,,,1.0
LARIX_USDT,LARIX/USDT,LARIX,USDT,True,Spot,,,1.0
LAT_USDT,LAT/USDT,LAT,USDT,True,Spot,,,1.0
LAVA_USDT,LAVA/USDT,LAVA,USDT,True,Spot,,,1.0
LAYER_USDT,LAYER/USDT,LAYER,USDT,True,Spot,,,1.0
LAZIO_USDT,LAZIO/USDT,LAZIO,USDT,True,Spot,,,1.0
LBA_USDT,LBA/USDT,LBA,USDT,True,Spot,,,1.0
LBK_USDT,LBK/USDT,LBK,USDT,True,Spot,,,1.0
LDO_USDT,LDO/USDT,LDO,USDT,True,Spot,,,1.0
LEASH_USDT,LEASH/USDT,LEASH,USDT,True,Spot,,,1.0
LEMD_USDT,LEMD/USDT,LEMD,USDT,True,Spot,Margin,,1.0
LEMO_USDT,LEMO/USDT,LEMO,USDT,True,Spot,,,1.0
LEO_USDT,LEO/USDT,LEO,USDT,True,Spot,Margin,,1.0
LEV_USDT,LEV/USDT,LEV,USDT,True,Spot,,,1.0
LFW_USDT,LFW/USDT,LFW,USDT,True,Spot,,,1.0
LGCY_USDT,LGCY/USDT,LGCY,USDT,True,Spot,,,1.0
LIBRE_USDT,LIBRE/USDT,LIBRE,USDT,False,Spot,,,1.0
LIEN_USDT,LIEN/USDT,LIEN,USDT,True,Spot,,,1.0
LIFE_USDT,LIFE/USDT,LIFE,USDT,True,Spot,,,1.0
LIKE_USDT,LIKE/USDT,LIKE,USDT,True,Spot,,,1.0
LIME_USDT,LIME/USDT,LIME,USDT,True,Spot,,,1.0
LINA_USDT,LINA/USDT,LINA,USDT,True,Spot,Margin,,1.0
LINK_USDT,LINK/USDT,LINK,USDT,True,Spot,Margin,,1.0
LINK3L_USDT,LINK3L/USDT,LINK3L,USDT,True,Spot,,,1.0
LINK3S_USDT,LINK3S/USDT,LINK3S,USDT,True,Spot,,,1.0
LINK5L_USDT,LINK5L/USDT,LINK5L,USDT,True,Spot,,,1.0
LINK5S_USDT,LINK5S/USDT,LINK5S,USDT,True,Spot,,,1.0
LION_USDT,LION/USDT,LION,USDT,True,Spot,Margin,,1.0
LIQ_USDT,LIQ/USDT,LIQ,USDT,True,Spot,,,1.0
LIQUIDUS_USDT,LIQUIDUS/USDT,LIQUIDUS,USDT,True,Spot,,,1.0
LIT_USDT,LIT/USDT,LIT,USDT,True,Spot,Margin,,1.0
LIT3L_USDT,LIT3L/USDT,LIT3L,USDT,True,Spot,,,1.0
LIT3S_USDT,LIT3S/USDT,LIT3S,USDT,True,Spot,,,1.0
LITH_USDT,LITH/USDT,LITH,USDT,True,Spot,,,1.0
LKR_USDT,LKR/USDT,LKR,USDT,True,Spot,,,1.0
LMR_USDT,LMR/USDT,LMR,USDT,True,Spot,,,1.0
LOA_USDT,LOA/USDT,LOA,USDT,True,Spot,,,1.0
LOCG_USDT,LOCG/USDT,LOCG,USDT,True,Spot,,,1.0
LOKA_USDT,LOKA/USDT,LOKA,USDT,True,Spot,Margin,,1.0
LOKA3L_USDT,LOKA3L/USDT,LOKA3L,USDT,True,Spot,,,1.0
LOKA3S_USDT,LOKA3S/USDT,LOKA3S,USDT,True,Spot,,,1.0
LON_USDT,LON/USDT,LON,USDT,True,Spot,Margin,,1.0
LON3L_USDT,LON3L/USDT,LON3L,USDT,True,Spot,,,1.0
LON3S_USDT,LON3S/USDT,LON3S,USDT,True,Spot,,,1.0
LOOKS_USDT,LOOKS/USDT,LOOKS,USDT,True,Spot,Margin,,1.0
LOOKS3L_USDT,LOOKS3L/USDT,LOOKS3L,USDT,True,Spot,,,1.0
LOOKS3S_USDT,LOOKS3S/USDT,LOOKS3S,USDT,True,Spot,,,1.0
LOON_USDT,LOON/USDT,LOON,USDT,True,Spot,,,1.0
LOOT_USDT,LOOT/USDT,LOOT,USDT,True,Spot,,,1.0
LOWB_USDT,LOWB/USDT,LOWB,USDT,True,Spot,,,1.0
LPOOL_USDT,LPOOL/USDT,LPOOL,USDT,True,Spot,,,1.0
LPT_USDT,LPT/USDT,LPT,USDT,True,Spot,Margin,,1.0
LRC_USDT,LRC/USDT,LRC,USDT,True,Spot,Margin,,1.0
LRC3L_USDT,LRC3L/USDT,LRC3L,USDT,True,Spot,,,1.0
LRC3S_USDT,LRC3S/USDT,LRC3S,USDT,True,Spot,,,1.0
LRN_USDT,LRN/USDT,LRN,USDT,True,Spot,Margin,,1.0
LSK_USDT,LSK/USDT,LSK,USDT,True,Spot,,,1.0
LSS_USDT,LSS/USDT,LSS,USDT,True,Spot,Margin,,1.0
LTC_USDT,LTC/USDT,LTC,USDT,True,Spot,Margin,,1.0
LTC3L_USDT,LTC3L/USDT,LTC3L,USDT,True,Spot,,,1.0
LTC3S_USDT,LTC3S/USDT,LTC3S,USDT,True,Spot,,,1.0
LTC5L_USDT,LTC5L/USDT,LTC5L,USDT,True,Spot,,,1.0
LTC5S_USDT,LTC5S/USDT,LTC5S,USDT,True,Spot,,,1.0
LTO_USDT,LTO/USDT,LTO,USDT,True,Spot,Margin,,1.0
LUNA_USDT,LUNA/USDT,LUNA,USDT,True,Spot,Margin,,1.0
LUNA3L_USDT,LUNA3L/USDT,LUNA3L,USDT,False,Spot,,,1.0
LUNA3S_USDT,LUNA3S/USDT,LUNA3S,USDT,False,Spot,,,1.0
LUNC_USDT,LUNC/USDT,LUNC,USDT,True,Spot,Margin,,1.0
LUNCH_USDT,LUNCH/USDT,LUNCH,USDT,True,Spot,,,1.0
LUNR_USDT,LUNR/USDT,LUNR,USDT,True,Spot,,,1.0
LUS_USDT,LUS/USDT,LUS,USDT,True,Spot,,,1.0
LYM_USDT,LYM/USDT,LYM,USDT,True,Spot,,,1.0
LYXE_USDT,LYXE/USDT,LYXE,USDT,True,Spot,,,1.0
MAHA_USDT,MAHA/USDT,MAHA,USDT,True,Spot,,,1.0
MAN_USDT,MAN/USDT,MAN,USDT,True,Spot,,,1.0
MANA_USDT,MANA/USDT,MANA,USDT,True,Spot,Margin,,1.0
MANA3L_USDT,MANA3L/USDT,MANA3L,USDT,True,Spot,,,1.0
MANA3S_USDT,MANA3S/USDT,MANA3S,USDT,True,Spot,,,1.0
MAPE_USDT,MAPE/USDT,MAPE,USDT,True,Spot,,,1.0
MAPS_USDT,MAPS/USDT,MAPS,USDT,True,Spot,Margin,,1.0
MARS_USDT,MARS/USDT,MARS,USDT,True,Spot,,,1.0
MARSH_USDT,MARSH/USDT,MARSH,USDT,True,Spot,,,1.0
MASK_USDT,MASK/USDT,MASK,USDT,True,Spot,Margin,,1.0
MASK3L_USDT,MASK3L/USDT,MASK3L,USDT,True,Spot,,,1.0
MASK3S_USDT,MASK3S/USDT,MASK3S,USDT,True,Spot,,,1.0
MAT_USDT,MAT/USDT,MAT,USDT,True,Spot,,,1.0
MATH_USDT,MATH/USDT,MATH,USDT,True,Spot,,,1.0
MATIC_USDT,MATIC/USDT,MATIC,USDT,True,Spot,Margin,,1.0
MATIC3L_USDT,MATIC3L/USDT,MATIC3L,USDT,True,Spot,,,1.0
MATIC3S_USDT,MATIC3S/USDT,MATIC3S,USDT,True,Spot,,,1.0
MATTER_USDT,MATTER/USDT,MATTER,USDT,True,Spot,,,1.0
MBL_USDT,MBL/USDT,MBL,USDT,True,Spot,Margin,,1.0
MBOX_USDT,MBOX/USDT,MBOX,USDT,True,Spot,Margin,,1.0
MBS_USDT,MBS/USDT,MBS,USDT,True,Spot,,,1.0
MC_USDT,MC/USDT,MC,USDT,True,Spot,,,1.0
MCASH_USDT,MCASH/USDT,MCASH,USDT,True,Spot,,,1.0
MCO2_USDT,MCO2/USDT,MCO2,USDT,True,Spot,,,1.0
MCRN_USDT,MCRN/USDT,MCRN,USDT,True,Spot,,,1.0
MDA_USDT,MDA/USDT,MDA,USDT,True,Spot,Margin,,1.0
MDF_USDT,MDF/USDT,MDF,USDT,True,Spot,,,1.0
MDS_USDT,MDS/USDT,MDS,USDT,True,Spot,,,1.0
MDT_USDT,MDT/USDT,MDT,USDT,True,Spot,,,1.0
MDX_USDT,MDX/USDT,MDX,USDT,True,Spot,Margin,,1.0
MEAN_USDT,MEAN/USDT,MEAN,USDT,True,Spot,,,1.0
MED_USDT,MED/USDT,MED,USDT,True,Spot,,,1.0
MELI_USDT,MELI/USDT,MELI,USDT,True,Spot,,,1.0
MENGO_USDT,MENGO/USDT,MENGO,USDT,True,Spot,,,1.0
MEPAD_USDT,MEPAD/USDT,MEPAD,USDT,True,Spot,,,1.0
MER_USDT,MER/USDT,MER,USDT,True,Spot,,,1.0
MESA_USDT,MESA/USDT,MESA,USDT,True,Spot,,,1.0
MET_USDT,MET/USDT,MET,USDT,True,Spot,,,1.0
METAG_USDT,METAG/USDT,METAG,USDT,True,Spot,,,1.0
METAL_USDT,METAL/USDT,METAL,USDT,True,Spot,,,1.0
METAN_USDT,METAN/USDT,METAN,USDT,True,Spot,,,1.0
METAX_USDT,METAX/USDT,METAX,USDT,True,Spot,,,1.0
METIS_USDT,METIS/USDT,METIS,USDT,True,Spot,Margin,,1.0
METO_USDT,METO/USDT,METO,USDT,True,Spot,,,1.0
MFT_USDT,MFT/USDT,MFT,USDT,True,Spot,Margin,,1.0
MGA_USDT,MGA/USDT,MGA,USDT,True,Spot,,,1.0
MGG_USDT,MGG/USDT,MGG,USDT,True,Spot,,,1.0
MHUNT_USDT,MHUNT/USDT,MHUNT,USDT,True,Spot,,,1.0
MIMIR_USDT,MIMIR/USDT,MIMIR,USDT,True,Spot,,,1.0
MINA_USDT,MINA/USDT,MINA,USDT,True,Spot,Margin,,1.0
MINA3L_USDT,MINA3L/USDT,MINA3L,USDT,True,Spot,,,1.0
MINA3S_USDT,MINA3S/USDT,MINA3S,USDT,True,Spot,,,1.0
MINI_USDT,MINI/USDT,MINI,USDT,True,Spot,,,1.0
MINT_USDT,MINT/USDT,MINT,USDT,True,Spot,,,1.0
MIR_USDT,MIR/USDT,MIR,USDT,True,Spot,Margin,,1.0
MIS_USDT,MIS/USDT,MIS,USDT,True,Spot,,,1.0
MIST_USDT,MIST/USDT,MIST,USDT,True,Spot,,,1.0
MIT_USDT,MIT/USDT,MIT,USDT,True,Spot,,,1.0
MITH_USDT,MITH/USDT,MITH,USDT,True,Spot,Margin,,1.0
MIX_USDT,MIX/USDT,MIX,USDT,True,Spot,,,1.0
MKR_USDT,MKR/USDT,MKR,USDT,True,Spot,Margin,,1.0
MKR3L_USDT,MKR3L/USDT,MKR3L,USDT,True,Spot,,,1.0
MKR3S_USDT,MKR3S/USDT,MKR3S,USDT,True,Spot,,,1.0
MLK_USDT,MLK/USDT,MLK,USDT,True,Spot,,,1.0
MLN_USDT,MLN/USDT,MLN,USDT,True,Spot,Margin,,1.0
MLT_USDT,MLT/USDT,MLT,USDT,True,Spot,,,1.0
MMM_USDT,MMM/USDT,MMM,USDT,True,Spot,,,1.0
MMPRO_USDT,MMPRO/USDT,MMPRO,USDT,True,Spot,,,1.0
MNGO_USDT,MNGO/USDT,MNGO,USDT,True,Spot,,,1.0
MNW_USDT,MNW/USDT,MNW,USDT,True,Spot,,,1.0
MNY_USDT,MNY/USDT,MNY,USDT,True,Spot,,,1.0
MOB_USDT,MOB/USDT,MOB,USDT,True,Spot,Margin,,1.0
MOBI_USDT,MOBI/USDT,MOBI,USDT,True,Spot,,,1.0
MODA_USDT,MODA/USDT,MODA,USDT,True,Spot,,,1.0
MOFI_USDT,MOFI/USDT,MOFI,USDT,True,Spot,,,1.0
MOMA_USDT,MOMA/USDT,MOMA,USDT,True,Spot,,,1.0
MONI_USDT,MONI/USDT,MONI,USDT,True,Spot,,,1.0
MONS_USDT,MONS/USDT,MONS,USDT,True,Spot,,,1.0
MOO_USDT,MOO/USDT,MOO,USDT,True,Spot,,,1.0
MOOO_USDT,MOOO/USDT,MOOO,USDT,True,Spot,,,1.0
MOOV_USDT,MOOV/USDT,MOOV,USDT,True,Spot,,,1.0
MOT_USDT,MOT/USDT,MOT,USDT,True,Spot,,,1.0
MOVEZ_USDT,MOVEZ/USDT,MOVEZ,USDT,True,Spot,,,1.0
MOVR_USDT,MOVR/USDT,MOVR,USDT,True,Spot,Margin,,1.0
88MPH_USDT,MPH/USDT,MPH,USDT,True,Spot,,,1.0
MPL_USDT,MPL/USDT,MPL,USDT,True,Spot,,,1.0
MQL_USDT,MQL/USDT,MQL,USDT,True,Spot,,,1.0
MRCH_USDT,MRCH/USDT,MRCH,USDT,True,Spot,,,1.0
MSOL_USDT,MSOL/USDT,MSOL,USDT,True,Spot,,,1.0
MSU_USDT,MSU/USDT,MSU,USDT,True,Spot,,,1.0
MTA_USDT,MTA/USDT,MTA,USDT,True,Spot,,,1.0
MTL_USDT,MTL/USDT,MTL,USDT,True,Spot,Margin,,1.0
MTL3L_USDT,MTL3L/USDT,MTL3L,USDT,True,Spot,,,1.0
MTL3S_USDT,MTL3S/USDT,MTL3S,USDT,True,Spot,,,1.0
MTN_USDT,MTN/USDT,MTN,USDT,True,Spot,,,1.0
MTR_USDT,MTR/USDT,MTR,USDT,True,Spot,,,1.0
MTRG_USDT,MTRG/USDT,MTRG,USDT,True,Spot,Margin,,1.0
MTS_USDT,MTS/USDT,MTS,USDT,True,Spot,,,1.0
MTV_USDT,MTV/USDT,MTV,USDT,True,Spot,Margin,,1.0
MULTI_USDT,MULTI/USDT,MULTI,USDT,True,Spot,,,1.0
MUSE_USDT,MUSE/USDT,MUSE,USDT,True,Spot,,,1.0
MV_USDT,MV/USDT,MV,USDT,True,Spot,,,1.0
MXC_USDT,MXC/USDT,MXC,USDT,True,Spot,Margin,,1.0
MYRA_USDT,MYRA/USDT,MYRA,USDT,True,Spot,,,1.0
MM_USDT,Million/USDT,Million,USDT,True,Spot,,,1.0
MPH_USDT,Morpher/USDT,Morpher,USDT,True,Spot,,,1.0
NAFT_USDT,NAFT/USDT,NAFT,USDT,True,Spot,,,1.0
NANO_USDT,NANO/USDT,NANO,USDT,True,Spot,,,1.0
NAOS_USDT,NAOS/USDT,NAOS,USDT,True,Spot,,,1.0
NAP_USDT,NAP/USDT,NAP,USDT,True,Spot,,,1.0
NAS_USDT,NAS/USDT,NAS,USDT,True,Spot,Margin,,1.0
NAX_USDT,NAX/USDT,NAX,USDT,True,Spot,,,1.0
NBOT_USDT,NBOT/USDT,NBOT,USDT,True,Spot,,,1.0
NBP_USDT,NBP/USDT,NBP,USDT,True,Spot,,,1.0
NBS_USDT,NBS/USDT,NBS,USDT,True,Spot,Margin,,1.0
NCT_USDT,NCT/USDT,NCT,USDT,True,Spot,,,1.0
NEAR_USDT,NEAR/USDT,NEAR,USDT,True,Spot,Margin,,1.0
NEAR3L_USDT,NEAR3L/USDT,NEAR3L,USDT,True,Spot,,,1.0
NEAR3S_USDT,NEAR3S/USDT,NEAR3S,USDT,True,Spot,,,1.0
NEO_USDT,NEO/USDT,NEO,USDT,True,Spot,Margin,,1.0
NEO3L_USDT,NEO3L/USDT,NEO3L,USDT,True,Spot,,,1.0
NEO3S_USDT,NEO3S/USDT,NEO3S,USDT,True,Spot,,,1.0
NEST_USDT,NEST/USDT,NEST,USDT,True,Spot,Margin,,1.0
NEXO_USDT,NEXO/USDT,NEXO,USDT,False,Spot,Margin,,1.0
NEXT_USDT,NEXT/USDT,NEXT,USDT,True,Spot,,,1.0
NFTB_USDT,NFTB/USDT,NFTB,USDT,True,Spot,,,1.0
NFTD_USDT,NFTD/USDT,NFTD,USDT,True,Spot,,,1.0
NFTL_USDT,NFTL/USDT,NFTL,USDT,True,Spot,,,1.0
NFTX_USDT,NFTX/USDT,NFTX,USDT,True,Spot,,,1.0
NFTY_USDT,NFTY/USDT,NFTY,USDT,True,Spot,,,1.0
NGL_USDT,NGL/USDT,NGL,USDT,True,Spot,,,1.0
NIF_USDT,NIF/USDT,NIF,USDT,True,Spot,,,1.0
NIFT_USDT,NIFT/USDT,NIFT,USDT,True,Spot,,,1.0
NIFTSY_USDT,NIFTSY/USDT,NIFTSY,USDT,True,Spot,,,1.0
NII_USDT,NII/USDT,NII,USDT,True,Spot,,,1.0
NIIFI_USDT,NIIFI/USDT,NIIFI,USDT,True,Spot,,,1.0
NKN_USDT,NKN/USDT,NKN,USDT,True,Spot,Margin,,1.0
NMR_USDT,NMR/USDT,NMR,USDT,True,Spot,Margin,,1.0
NMT_USDT,NMT/USDT,NMT,USDT,True,Spot,,,1.0
NOA_USDT,NOA/USDT,NOA,USDT,True,Spot,,,1.0
NOIA_USDT,NOIA/USDT,NOIA,USDT,True,Spot,,,1.0
NORD_USDT,NORD/USDT,NORD,USDT,True,Spot,,,1.0
NOS_USDT,NOS/USDT,NOS,USDT,True,Spot,,,1.0
NPT_USDT,NPT/USDT,NPT,USDT,True,Spot,,,1.0
NRFB_USDT,NRFB/USDT,NRFB,USDT,True,Spot,,,1.0
NRV_USDT,NRV/USDT,NRV,USDT,True,Spot,,,1.0
NSBT_USDT,NSBT/USDT,NSBT,USDT,True,Spot,,,1.0
NSDX_USDT,NSDX/USDT,NSDX,USDT,True,Spot,,,1.0
NSURE_USDT,NSURE/USDT,NSURE,USDT,True,Spot,,,1.0
NU_USDT,NU/USDT,NU,USDT,False,Spot,Margin,,1.0
NULS_USDT,NULS/USDT,NULS,USDT,True,Spot,Margin,,1.0
NUM_USDT,NUM/USDT,NUM,USDT,True,Spot,,,1.0
NUX_USDT,NUX/USDT,NUX,USDT,True,Spot,,,1.0
NWC_USDT,NWC/USDT,NWC,USDT,True,Spot,,,1.0
NYM_USDT,NYM/USDT,NYM,USDT,True,Spot,Margin,,1.0
NYZO_USDT,NYZO/USDT,NYZO,USDT,True,Spot,,,1.0
O3_USDT,O3/USDT,O3,USDT,True,Spot,Margin,,1.0
OAX_USDT,OAX/USDT,OAX,USDT,True,Spot,,,1.0
OCC_USDT,OCC/USDT,OCC,USDT,True,Spot,,,1.0
OCEAN_USDT,OCEAN/USDT,OCEAN,USDT,True,Spot,Margin,,1.0
OCN_USDT,OCN/USDT,OCN,USDT,True,Spot,Margin,,1.0
OCT_USDT,OCT/USDT,OCT,USDT,True,Spot,Margin,,1.0
OCTO_USDT,OCTO/USDT,OCTO,USDT,True,Spot,,,1.0
ODDZ_USDT,ODDZ/USDT,ODDZ,USDT,True,Spot,,,1.0
OG_USDT,OG/USDT,OG,USDT,True,Spot,,,1.0
OGN_USDT,OGN/USDT,OGN,USDT,True,Spot,Margin,,1.0
OHM_USDT,OHM/USDT,OHM,USDT,True,Spot,,,1.0
OIN_USDT,OIN/USDT,OIN,USDT,True,Spot,,,1.0
OKB_USDT,OKB/USDT,OKB,USDT,True,Spot,Margin,,1.0
OKB3L_USDT,OKB3L/USDT,OKB3L,USDT,True,Spot,,,1.0
OKB3S_USDT,OKB3S/USDT,OKB3S,USDT,True,Spot,,,1.0
OKT_USDT,OKT/USDT,OKT,USDT,True,Spot,Margin,,1.0
OLT_USDT,OLT/USDT,OLT,USDT,True,Spot,,,1.0
OLV_USDT,OLV/USDT,OLV,USDT,True,Spot,,,1.0
OLY_USDT,OLY/USDT,OLY,USDT,True,Spot,,,1.0
OM_USDT,OM/USDT,OM,USDT,True,Spot,Margin,,1.0
OMG_USDT,OMG/USDT,OMG,USDT,True,Spot,Margin,,1.0
OMG3L_USDT,OMG3L/USDT,OMG3L,USDT,True,Spot,,,1.0
OMG3S_USDT,OMG3S/USDT,OMG3S,USDT,True,Spot,,,1.0
OMI_USDT,OMI/USDT,OMI,USDT,True,Spot,Margin,,1.0
ONC_USDT,ONC/USDT,ONC,USDT,True,Spot,,,1.0
ONE_USDT,ONE/USDT,ONE,USDT,True,Spot,Margin,,1.0
ONE3L_USDT,ONE3L/USDT,ONE3L,USDT,True,Spot,,,1.0
ONE3S_USDT,ONE3S/USDT,ONE3S,USDT,True,Spot,,,1.0
ONG_USDT,ONG/USDT,ONG,USDT,True,Spot,Margin,,1.0
ONIT_USDT,ONIT/USDT,ONIT,USDT,True,Spot,,,1.0
ONS_USDT,ONS/USDT,ONS,USDT,True,Spot,,,1.0
ONSTON_USDT,ONSTON/USDT,ONSTON,USDT,True,Spot,,,1.0
ONT_USDT,ONT/USDT,ONT,USDT,True,Spot,Margin,,1.0
ONT3L_USDT,ONT3L/USDT,ONT3L,USDT,True,Spot,,,1.0
ONT3S_USDT,ONT3S/USDT,ONT3S,USDT,True,Spot,,,1.0
ONX_USDT,ONX/USDT,ONX,USDT,True,Spot,,,1.0
OOE_USDT,OOE/USDT,OOE,USDT,True,Spot,,,1.0
OOKI_USDT,OOKI/USDT,OOKI,USDT,True,Spot,Margin,,1.0
OP_USDT,OP/USDT,OP,USDT,True,Spot,Margin,,1.0
OP3L_USDT,OP3L/USDT,OP3L,USDT,True,Spot,,,1.0
OP3S_USDT,OP3S/USDT,OP3S,USDT,True,Spot,,,1.0
OPA_USDT,OPA/USDT,OPA,USDT,True,Spot,,,1.0
OPEN_USDT,OPEN/USDT,OPEN,USDT,True,Spot,,,1.0
OPIUM_USDT,OPIUM/USDT,OPIUM,USDT,True,Spot,,,1.0
OPS_USDT,OPS/USDT,OPS,USDT,True,Spot,,,1.0
OPUL_USDT,OPUL/USDT,OPUL,USDT,True,Spot,,,1.0
ORAI_USDT,ORAI/USDT,ORAI,USDT,True,Spot,,,1.0
ORAO_USDT,ORAO/USDT,ORAO,USDT,True,Spot,,,1.0
ORB_USDT,ORB/USDT,ORB,USDT,True,Spot,,,1.0
ORBR_USDT,ORBR/USDT,ORBR,USDT,True,Spot,,,1.0
ORBS_USDT,ORBS/USDT,ORBS,USDT,True,Spot,,,1.0
ORC_USDT,ORC/USDT,ORC,USDT,True,Spot,,,1.0
ORCA_USDT,ORCA/USDT,ORCA,USDT,True,Spot,,,1.0
ORION_USDT,ORION/USDT,ORION,USDT,True,Spot,,,1.0
ORN_USDT,ORN/USDT,ORN,USDT,True,Spot,,,1.0
ORO_USDT,ORO/USDT,ORO,USDT,True,Spot,,,1.0
ORT_USDT,ORT/USDT,ORT,USDT,True,Spot,,,1.0
OST_USDT,OST/USDT,OST,USDT,True,Spot,,,1.0
OUSD_USDT,OUSD/USDT,OUSD,USDT,True,Spot,,,1.0
OVR_USDT,OVR/USDT,OVR,USDT,True,Spot,,,1.0
OXT_USDT,OXT/USDT,OXT,USDT,True,Spot,Margin,,1.0
OXY_USDT,OXY/USDT,OXY,USDT,True,Spot,Margin,,1.0
PAF_USDT,PAF/USDT,PAF,USDT,True,Spot,,,1.0
PARA_USDT,PARA/USDT,PARA,USDT,True,Spot,,,1.0
PAY_USDT,PAY/USDT,PAY,USDT,True,Spot,,,1.0
PBR_USDT,PBR/USDT,PBR,USDT,True,Spot,,,1.0
PBTC35A_USDT,PBTC35A/USDT,PBTC35A,USDT,True,Spot,,,1.0
PBX_USDT,PBX/USDT,PBX,USDT,True,Spot,,,1.0
PCNT_USDT,PCNT/USDT,PCNT,USDT,True,Spot,,,1.0
PCX_USDT,PCX/USDT,PCX,USDT,True,Spot,,,1.0
PDEX_USDT,PDEX/USDT,PDEX,USDT,True,Spot,,,1.0
PEARL_USDT,PEARL/USDT,PEARL,USDT,True,Spot,Margin,,1.0
PENDLE_USDT,PENDLE/USDT,PENDLE,USDT,True,Spot,,,1.0
PEOPLE_USDT,PEOPLE/USDT,PEOPLE,USDT,True,Spot,Margin,,1.0
PEOPLE3L_USDT,PEOPLE3L/USDT,PEOPLE3L,USDT,True,Spot,,,1.0
PEOPLE3S_USDT,PEOPLE3S/USDT,PEOPLE3S,USDT,True,Spot,,,1.0
PERA_USDT,PERA/USDT,PERA,USDT,True,Spot,,,1.0
PERC_USDT,PERC/USDT,PERC,USDT,True,Spot,,,1.0
PERI_USDT,PERI/USDT,PERI,USDT,True,Spot,,,1.0
PERL_USDT,PERL/USDT,PERL,USDT,True,Spot,Margin,,1.0
PERP_USDT,PERP/USDT,PERP,USDT,True,Spot,Margin,,1.0
PET_USDT,PET/USDT,PET,USDT,True,Spot,Margin,,1.0
PHA_USDT,PHA/USDT,PHA,USDT,True,Spot,Margin,,1.0
PHM_USDT,PHM/USDT,PHM,USDT,True,Spot,,,1.0
PHTR_USDT,PHTR/USDT,PHTR,USDT,True,Spot,,,1.0
PI_USDT,PI/USDT,PI,USDT,True,Spot,,,1.0
PICKLE_USDT,PICKLE/USDT,PICKLE,USDT,True,Spot,,,1.0
PING_USDT,PING/USDT,PING,USDT,True,Spot,,,1.0
PIXEL_USDT,PIXEL/USDT,PIXEL,USDT,True,Spot,,,1.0
PIZA_USDT,PIZA/USDT,PIZA,USDT,True,Spot,,,1.0
PKF_USDT,PKF/USDT,PKF,USDT,True,Spot,,,1.0
PLA_USDT,PLA/USDT,PLA,USDT,True,Spot,Margin,,1.0
PLACE_USDT,PLACE/USDT,PLACE,USDT,True,Spot,,,1.0
PLATO_USDT,PLATO/USDT,PLATO,USDT,True,Spot,,,1.0
PLSPAD_USDT,PLSPAD/USDT,PLSPAD,USDT,True,Spot,,,1.0
PMON_USDT,PMON/USDT,PMON,USDT,True,Spot,Margin,,1.0
PNG_USDT,PNG/USDT,PNG,USDT,True,Spot,,,1.0
PNK_USDT,PNK/USDT,PNK,USDT,True,Spot,,,1.0
PNL_USDT,PNL/USDT,PNL,USDT,True,Spot,,,1.0
PNT_USDT,PNT/USDT,PNT,USDT,True,Spot,Margin,,1.0
POG_USDT,POG/USDT,POG,USDT,True,Spot,,,1.0
POKT_USDT,POKT/USDT,POKT,USDT,True,Spot,,,1.0
POLC_USDT,POLC/USDT,POLC,USDT,True,Spot,Margin,,1.0
POLI_USDT,POLI/USDT,POLI,USDT,True,Spot,,,1.0
POLIS_USDT,POLIS/USDT,POLIS,USDT,True,Spot,,,1.0
POLK_USDT,POLK/USDT,POLK,USDT,True,Spot,,,1.0
POLS_USDT,POLS/USDT,POLS,USDT,True,Spot,Margin,,1.0
POLY_USDT,POLY/USDT,POLY,USDT,True,Spot,Margin,,1.0
POLYPAD_USDT,POLYPAD/USDT,POLYPAD,USDT,True,Spot,,,1.0
POND_USDT,POND/USDT,POND,USDT,True,Spot,Margin,,1.0
POOL_USDT,POOL/USDT,POOL,USDT,True,Spot,,,1.0
POOLZ_USDT,POOLZ/USDT,POOLZ,USDT,True,Spot,,,1.0
PORT_USDT,PORT/USDT,PORT,USDT,True,Spot,,,1.0
PORTO_USDT,PORTO/USDT,PORTO,USDT,True,Spot,,,1.0
POSI_USDT,POSI/USDT,POSI,USDT,True,Spot,,,1.0
POT_USDT,POT/USDT,POT,USDT,True,Spot,,,1.0
POWR_USDT,POWR/USDT,POWR,USDT,True,Spot,,,1.0
PPAD_USDT,PPAD/USDT,PPAD,USDT,True,Spot,,,1.0
PPS_USDT,PPS/USDT,PPS,USDT,False,Spot,,,1.0
PRARE_USDT,PRARE/USDT,PRARE,USDT,True,Spot,,,1.0
PRIDE_USDT,PRIDE/USDT,PRIDE,USDT,True,Spot,,,1.0
PRISM_USDT,PRISM/USDT,PRISM,USDT,True,Spot,,,1.0
PROM_USDT,PROM/USDT,PROM,USDT,True,Spot,,,1.0
PROPS_USDT,PROPS/USDT,PROPS,USDT,True,Spot,Margin,,1.0
PROS_USDT,PROS/USDT,PROS,USDT,True,Spot,,,1.0
PRQ_USDT,PRQ/USDT,PRQ,USDT,True,Spot,Margin,,1.0
PRT_USDT,PRT/USDT,PRT,USDT,True,Spot,,,1.0
PSB_USDT,PSB/USDT,PSB,USDT,True,Spot,,,1.0
PSG_USDT,PSG/USDT,PSG,USDT,True,Spot,,,1.0
PSP_USDT,PSP/USDT,PSP,USDT,True,Spot,,,1.0
PST_USDT,PST/USDT,PST,USDT,True,Spot,,,1.0
PSTAKE_USDT,PSTAKE/USDT,PSTAKE,USDT,True,Spot,,,1.0
PSY_USDT,PSY/USDT,PSY,USDT,True,Spot,,,1.0
PUNDIX_USDT,PUNDIX/USDT,PUNDIX,USDT,True,Spot,Margin,,1.0
PUSH_USDT,PUSH/USDT,PUSH,USDT,True,Spot,,,1.0
PVU_USDT,PVU/USDT,PVU,USDT,True,Spot,,,1.0
PWAR_USDT,PWAR/USDT,PWAR,USDT,True,Spot,,,1.0
PYM_USDT,PYM/USDT,PYM,USDT,True,Spot,,,1.0
PYR_USDT,PYR/USDT,PYR,USDT,True,Spot,Margin,,1.0
QANX_USDT,QANX/USDT,QANX,USDT,True,Spot,,,1.0
QASH_USDT,QASH/USDT,QASH,USDT,True,Spot,,,1.0
QBT_USDT,QBT/USDT,QBT,USDT,True,Spot,,,1.0
QI_USDT,QI/USDT,QI,USDT,True,Spot,,,1.0
QKC_USDT,QKC/USDT,QKC,USDT,True,Spot,,,1.0
QLC_USDT,QLC/USDT,QLC,USDT,True,Spot,,,1.0
QNT_USDT,QNT/USDT,QNT,USDT,True,Spot,Margin,,1.0
QRDO_USDT,QRDO/USDT,QRDO,USDT,True,Spot,Margin,,1.0
QSP_USDT,QSP/USDT,QSP,USDT,True,Spot,,,1.0
QTC_USDT,QTC/USDT,QTC,USDT,True,Spot,,,1.0
QTCON_USDT,QTCON/USDT,QTCON,USDT,True,Spot,,,1.0
QTUM_USDT,QTUM/USDT,QTUM,USDT,True,Spot,Margin,,1.0
QTUM3L_USDT,QTUM3L/USDT,QTUM3L,USDT,True,Spot,,,1.0
QTUM3S_USDT,QTUM3S/USDT,QTUM3S,USDT,True,Spot,,,1.0
QUICK_USDT,QUICK/USDT,QUICK,USDT,True,Spot,Margin,,1.0
RACA_USDT,RACA/USDT,RACA,USDT,True,Spot,Margin,,1.0
RACA3L_USDT,RACA3L/USDT,RACA3L,USDT,True,Spot,,,1.0
RACA3S_USDT,RACA3S/USDT,RACA3S,USDT,True,Spot,,,1.0
RAD_USDT,RAD/USDT,RAD,USDT,True,Spot,Margin,,1.0
RAGE_USDT,RAGE/USDT,RAGE,USDT,True,Spot,,,1.0
RAM_USDT,RAM/USDT,RAM,USDT,True,Spot,,,1.0
RAMP_USDT,RAMP/USDT,RAMP,USDT,True,Spot,Margin,,1.0
RANKER_USDT,RANKER/USDT,RANKER,USDT,True,Spot,,,1.0
RARE_USDT,RARE/USDT,RARE,USDT,True,Spot,,,1.0
RARI_USDT,RARI/USDT,RARI,USDT,True,Spot,Margin,,1.0
RATING_USDT,RATING/USDT,RATING,USDT,True,Spot,,,1.0
RATIO_USDT,RATIO/USDT,RATIO,USDT,True,Spot,,,1.0
RAY_USDT,RAY/USDT,RAY,USDT,True,Spot,Margin,,1.0
RAY3L_USDT,RAY3L/USDT,RAY3L,USDT,True,Spot,,,1.0
RAY3S_USDT,RAY3S/USDT,RAY3S,USDT,True,Spot,,,1.0
RAZE_USDT,RAZE/USDT,RAZE,USDT,True,Spot,,,1.0
RAZOR_USDT,RAZOR/USDT,RAZOR,USDT,True,Spot,,,1.0
RBC_USDT,RBC/USDT,RBC,USDT,True,Spot,,,1.0
RBLS_USDT,RBLS/USDT,RBLS,USDT,True,Spot,,,1.0
RBN_USDT,RBN/USDT,RBN,USDT,True,Spot,,,1.0
RCN_USDT,RCN/USDT,RCN,USDT,True,Spot,,,1.0
RDN_USDT,RDN/USDT,RDN,USDT,True,Spot,,,1.0
REAL_USDT,REAL/USDT,REAL,USDT,True,Spot,,,1.0
REALM_USDT,REALM/USDT,REALM,USDT,True,Spot,,,1.0
REAP_USDT,REAP/USDT,REAP,USDT,True,Spot,,,1.0
RED_USDT,RED/USDT,RED,USDT,True,Spot,,,1.0
REEF_USDT,REEF/USDT,REEF,USDT,True,Spot,Margin,,1.0
REF_USDT,REF/USDT,REF,USDT,True,Spot,,,1.0
REI_USDT,REI/USDT,REI,USDT,True,Spot,,,1.0
REM_USDT,REM/USDT,REM,USDT,True,Spot,,,1.0
REN_USDT,REN/USDT,REN,USDT,True,Spot,Margin,,1.0
RENA_USDT,RENA/USDT,RENA,USDT,True,Spot,,,1.0
RENBTC_USDT,RENBTC/USDT,RENBTC,USDT,True,Spot,,,1.0
REP_USDT,REP/USDT,REP,USDT,True,Spot,,,1.0
REQ_USDT,REQ/USDT,REQ,USDT,True,Spot,Margin,,1.0
REVO_USDT,REVO/USDT,REVO,USDT,True,Spot,,,1.0
REVU_USDT,REVU/USDT,REVU,USDT,True,Spot,,,1.0
REVV_USDT,REVV/USDT,REVV,USDT,True,Spot,,,1.0
RFOX_USDT,RFOX/USDT,RFOX,USDT,True,Spot,Margin,,1.0
RFR_USDT,RFR/USDT,RFR,USDT,True,Spot,,,1.0
RFUEL_USDT,RFUEL/USDT,RFUEL,USDT,True,Spot,,,1.0
RGT_USDT,RGT/USDT,RGT,USDT,False,Spot,,,1.0
RICE_USDT,RICE/USDT,RICE,USDT,True,Spot,,,1.0
RIDE_USDT,RIDE/USDT,RIDE,USDT,True,Spot,,,1.0
RIF_USDT,RIF/USDT,RIF,USDT,True,Spot,Margin,,1.0
RIM_USDT,RIM/USDT,RIM,USDT,True,Spot,,,1.0
RIN_USDT,RIN/USDT,RIN,USDT,True,Spot,,,1.0
RING_USDT,RING/USDT,RING,USDT,True,Spot,,,1.0
RITE_USDT,RITE/USDT,RITE,USDT,True,Spot,,,1.0
RLC_USDT,RLC/USDT,RLC,USDT,True,Spot,Margin,,1.0
RLY_USDT,RLY/USDT,RLY,USDT,True,Spot,Margin,,1.0
RMRK_USDT,RMRK/USDT,RMRK,USDT,True,Spot,,,1.0
RNDR_USDT,RNDR/USDT,RNDR,USDT,True,Spot,Margin,,1.0
ROCO_USDT,ROCO/USDT,ROCO,USDT,True,Spot,,,1.0
RON_USDT,RON/USDT,RON,USDT,True,Spot,,,1.0
ROOBEE_USDT,ROOBEE/USDT,ROOBEE,USDT,True,Spot,,,1.0
ROOK_USDT,ROOK/USDT,ROOK,USDT,True,Spot,,,1.0
ROOM_USDT,ROOM/USDT,ROOM,USDT,True,Spot,,,1.0
ROSE_USDT,ROSE/USDT,ROSE,USDT,True,Spot,Margin,,1.0
ROSE3L_USDT,ROSE3L/USDT,ROSE3L,USDT,True,Spot,,,1.0
ROSE3S_USDT,ROSE3S/USDT,ROSE3S,USDT,True,Spot,,,1.0
ROSN_USDT,ROSN/USDT,ROSN,USDT,True,Spot,,,1.0
ROUTE_USDT,ROUTE/USDT,ROUTE,USDT,True,Spot,,,1.0
RSR_USDT,RSR/USDT,RSR,USDT,True,Spot,Margin,,1.0
RSS3_USDT,RSS3/USDT,RSS3,USDT,True,Spot,Margin,,1.0
RSV_USDT,RSV/USDT,RSV,USDT,True,Spot,,,1.0
RUFF_USDT,RUFF/USDT,RUFF,USDT,True,Spot,,,1.0
RUNE_USDT,RUNE/USDT,RUNE,USDT,True,Spot,Margin,,1.0
RUNE3L_USDT,RUNE3L/USDT,RUNE3L,USDT,True,Spot,,,1.0
RUNE3S_USDT,RUNE3S/USDT,RUNE3S,USDT,True,Spot,,,1.0
RVC_USDT,RVC/USDT,RVC,USDT,True,Spot,,,1.0
RVN_USDT,RVN/USDT,RVN,USDT,True,Spot,Margin,,1.0
RAI_USDT,Rai Reflex Index/USDT,Rai Reflex Index,USDT,True,Spot,Margin,,1.0
SAFEMOON_USDT,SAFEMOON/USDT,SAFEMOON,USDT,False,Spot,Margin,,1.0
SAITO_USDT,SAITO/USDT,SAITO,USDT,True,Spot,,,1.0
SAKE_USDT,SAKE/USDT,SAKE,USDT,True,Spot,,,1.0
SALT_USDT,SALT/USDT,SALT,USDT,True,Spot,,,1.0
SAMO_USDT,SAMO/USDT,SAMO,USDT,True,Spot,,,1.0
SAND_USDT,SAND/USDT,SAND,USDT,True,Spot,Margin,,1.0
SAND3L_USDT,SAND3L/USDT,SAND3L,USDT,True,Spot,,,1.0
SAND3S_USDT,SAND3S/USDT,SAND3S,USDT,True,Spot,,,1.0
SANDWICH_USDT,SANDWICH/USDT,SANDWICH,USDT,True,Spot,,,1.0
SANTOS_USDT,SANTOS/USDT,SANTOS,USDT,True,Spot,,,1.0
SAO_USDT,SAO/USDT,SAO,USDT,True,Spot,,,1.0
SASHIMI_USDT,SASHIMI/USDT,SASHIMI,USDT,True,Spot,,,1.0
SAVG_USDT,SAVG/USDT,SAVG,USDT,True,Spot,,,1.0
SB_USDT,SB/USDT,SB,USDT,True,Spot,,,1.0
SBR_USDT,SBR/USDT,SBR,USDT,True,Spot,,,1.0
SC_USDT,SC/USDT,SC,USDT,True,Spot,Margin,,1.0
SCLP_USDT,SCLP/USDT,SCLP,USDT,True,Spot,Margin,,1.0
SCNSOL_USDT,SCNSOL/USDT,SCNSOL,USDT,True,Spot,,,1.0
SCRT_USDT,SCRT/USDT,SCRT,USDT,True,Spot,,,1.0
SCY_USDT,SCY/USDT,SCY,USDT,True,Spot,,,1.0
SD_USDT,SD/USDT,SD,USDT,True,Spot,,,1.0
SDAO_USDT,SDAO/USDT,SDAO,USDT,True,Spot,Margin,,1.0
SDN_USDT,SDN/USDT,SDN,USDT,True,Spot,Margin,,1.0
SENATE_USDT,SENATE/USDT,SENATE,USDT,True,Spot,,,1.0
SENC_USDT,SENC/USDT,SENC,USDT,True,Spot,,,1.0
SENSO_USDT,SENSO/USDT,SENSO,USDT,True,Spot,,,1.0
SERO_USDT,SERO/USDT,SERO,USDT,True,Spot,Margin,,1.0
SERO3L_USDT,SERO3L/USDT,SERO3L,USDT,True,Spot,,,1.0
SERO3S_USDT,SERO3S/USDT,SERO3S,USDT,True,Spot,,,1.0
SFG_USDT,SFG/USDT,SFG,USDT,True,Spot,,,1.0
SFI_USDT,SFI/USDT,SFI,USDT,True,Spot,,,1.0
SFIL_USDT,SFIL/USDT,SFIL,USDT,True,Spot,,,1.0
SFM_USDT,SFM/USDT,SFM,USDT,True,Spot,,,1.0
SFP_USDT,SFP/USDT,SFP,USDT,True,Spot,,,1.0
SFUND_USDT,SFUND/USDT,SFUND,USDT,True,Spot,,,1.0
SGB_USDT,SGB/USDT,SGB,USDT,True,Spot,,,1.0
SHARE_USDT,SHARE/USDT,SHARE,USDT,True,Spot,,,1.0
SHFT_USDT,SHFT/USDT,SHFT,USDT,True,Spot,Margin,,1.0
SHI_USDT,SHI/USDT,SHI,USDT,True,Spot,,,1.0
SHIB_USDT,SHIB/USDT,SHIB,USDT,True,Spot,Margin,,1.0
SHIB3L_USDT,SHIB3L/USDT,SHIB3L,USDT,True,Spot,,,1.0
SHIB3S_USDT,SHIB3S/USDT,SHIB3S,USDT,True,Spot,,,1.0
SHIB5L_USDT,SHIB5L/USDT,SHIB5L,USDT,True,Spot,,,1.0
SHIB5S_USDT,SHIB5S/USDT,SHIB5S,USDT,True,Spot,,,1.0
SHILL_USDT,SHILL/USDT,SHILL,USDT,True,Spot,,,1.0
SHOE_USDT,SHOE/USDT,SHOE,USDT,True,Spot,,,1.0
SHOPX_USDT,SHOPX/USDT,SHOPX,USDT,True,Spot,,,1.0
SHR_USDT,SHR/USDT,SHR,USDT,True,Spot,,,1.0
SIDUS_USDT,SIDUS/USDT,SIDUS,USDT,True,Spot,,,1.0
SIN_USDT,SIN/USDT,SIN,USDT,True,Spot,,,1.0
SINGLE_USDT,SINGLE/USDT,SINGLE,USDT,True,Spot,,,1.0
SIS_USDT,SIS/USDT,SIS,USDT,True,Spot,,,1.0
SKILL_USDT,SKILL/USDT,SKILL,USDT,True,Spot,,,1.0
SKL_USDT,SKL/USDT,SKL,USDT,True,Spot,Margin,,1.0
SKL3L_USDT,SKL3L/USDT,SKL3L,USDT,True,Spot,,,1.0
SKL3S_USDT,SKL3S/USDT,SKL3S,USDT,True,Spot,,,1.0
SKM_USDT,SKM/USDT,SKM,USDT,True,Spot,,,1.0
SKRT_USDT,SKRT/USDT,SKRT,USDT,True,Spot,,,1.0
SKT_USDT,SKT/USDT,SKT,USDT,True,Spot,,,1.0
SKU_USDT,SKU/USDT,SKU,USDT,True,Spot,,,1.0
SKYRIM_USDT,SKYRIM/USDT,SKYRIM,USDT,True,Spot,,,1.0
SLC_USDT,SLC/USDT,SLC,USDT,True,Spot,,,1.0
SLICE_USDT,SLICE/USDT,SLICE,USDT,True,Spot,,,1.0
SLIM_USDT,SLIM/USDT,SLIM,USDT,True,Spot,Margin,,1.0
SLM_USDT,SLM/USDT,SLM,USDT,True,Spot,,,1.0
SLND_USDT,SLND/USDT,SLND,USDT,True,Spot,,,1.0
SLNV2_USDT,SLNV2/USDT,SLNV2,USDT,True,Spot,,,1.0
SLP_USDT,SLP/USDT,SLP,USDT,True,Spot,Margin,,1.0
SLP3L_USDT,SLP3L/USDT,SLP3L,USDT,True,Spot,,,1.0
SLP3S_USDT,SLP3S/USDT,SLP3S,USDT,True,Spot,,,1.0
SLRS_USDT,SLRS/USDT,SLRS,USDT,True,Spot,,,1.0
SMG_USDT,SMG/USDT,SMG,USDT,False,Spot,,,1.0
SMT_USDT,SMT/USDT,SMT,USDT,True,Spot,,,1.0
SMTY_USDT,SMTY/USDT,SMTY,USDT,True,Spot,,,1.0
SNET_USDT,SNET/USDT,SNET,USDT,True,Spot,,,1.0
SNFT_USDT,SNFT/USDT,SNFT,USDT,True,Spot,,,1.0
SNK_USDT,SNK/USDT,SNK,USDT,True,Spot,,,1.0
SNOW_USDT,SNOW/USDT,SNOW,USDT,True,Spot,,,1.0
SNT_USDT,SNT/USDT,SNT,USDT,True,Spot,Margin,,1.0
SNTR_USDT,SNTR/USDT,SNTR,USDT,True,Spot,,,1.0
SNX_USDT,SNX/USDT,SNX,USDT,True,Spot,Margin,,1.0
SNX3L_USDT,SNX3L/USDT,SNX3L,USDT,True,Spot,,,1.0
SNX3S_USDT,SNX3S/USDT,SNX3S,USDT,True,Spot,,,1.0
SNY_USDT,SNY/USDT,SNY,USDT,True,Spot,,,1.0
SOL_USDT,SOL/USDT,SOL,USDT,True,Spot,Margin,,1.0
SOL3L_USDT,SOL3L/USDT,SOL3L,USDT,True,Spot,,,1.0
SOL3S_USDT,SOL3S/USDT,SOL3S,USDT,True,Spot,,,1.0
SOLO_USDT,SOLO/USDT,SOLO,USDT,True,Spot,,,1.0
SOLR_USDT,SOLR/USDT,SOLR,USDT,True,Spot,,,1.0
SONAR_USDT,SONAR/USDT,SONAR,USDT,True,Spot,,,1.0
SOP_USDT,SOP/USDT,SOP,USDT,True,Spot,,,1.0
SOUL_USDT,SOUL/USDT,SOUL,USDT,True,Spot,,,1.0
SOURCE_USDT,SOURCE/USDT,SOURCE,USDT,True,Spot,,,1.0
SOV_USDT,SOV/USDT,SOV,USDT,True,Spot,,,1.0
SPA_USDT,SPA/USDT,SPA,USDT,True,Spot,Margin,,1.0
SPAY_USDT,SPAY/USDT,SPAY,USDT,True,Spot,,,1.0
SPELL_USDT,SPELL/USDT,SPELL,USDT,True,Spot,Margin,,1.0
SPELLFIRE_USDT,SPELLFIRE/USDT,SPELLFIRE,USDT,True,Spot,,,1.0
SPHRI_USDT,SPHRI/USDT,SPHRI,USDT,True,Spot,,,1.0
SPI_USDT,SPI/USDT,SPI,USDT,True,Spot,Margin,,1.0
SPIRIT_USDT,SPIRIT/USDT,SPIRIT,USDT,True,Spot,,,1.0
SPO_USDT,SPO/USDT,SPO,USDT,True,Spot,,,1.0
SPS_USDT,SPS/USDT,SPS,USDT,True,Spot,Margin,,1.0
SQUID_USDT,SQUID/USDT,SQUID,USDT,True,Spot,,,1.0
SRK_USDT,SRK/USDT,SRK,USDT,True,Spot,,,1.0
SRM_USDT,SRM/USDT,SRM,USDT,True,Spot,Margin,,1.0
SRM3L_USDT,SRM3L/USDT,SRM3L,USDT,True,Spot,,,1.0
SRM3S_USDT,SRM3S/USDT,SRM3S,USDT,True,Spot,,,1.0
SRP_USDT,SRP/USDT,SRP,USDT,True,Spot,,,1.0
SSV_USDT,SSV/USDT,SSV,USDT,True,Spot,,,1.0
SSX_USDT,SSX/USDT,SSX,USDT,True,Spot,,,1.0
STAKE_USDT,STAKE/USDT,STAKE,USDT,False,Spot,Margin,,1.0
STAR_USDT,STAR/USDT,STAR,USDT,True,Spot,Margin,,1.0
STARL_USDT,STARL/USDT,STARL,USDT,True,Spot,Margin,,1.0
STBU_USDT,STBU/USDT,STBU,USDT,True,Spot,,,1.0
STC_USDT,STC/USDT,STC,USDT,True,Spot,,,1.0
STEEM_USDT,STEEM/USDT,STEEM,USDT,True,Spot,,,1.0
STEP_USDT,STEP/USDT,STEP,USDT,True,Spot,,,1.0
STEPG_USDT,STEPG/USDT,STEPG,USDT,True,Spot,,,1.0
STETH_USDT,STETH/USDT,STETH,USDT,True,Spot,,,1.0
STG_USDT,STG/USDT,STG,USDT,True,Spot,,,1.0
STI_USDT,STI/USDT,STI,USDT,True,Spot,,,1.0
STMX_USDT,STMX/USDT,STMX,USDT,True,Spot,Margin,,1.0
STN_USDT,STN/USDT,STN,USDT,True,Spot,,,1.0
STND_USDT,STND/USDT,STND,USDT,True,Spot,,,1.0
STORE_USDT,STORE/USDT,STORE,USDT,True,Spot,,,1.0
STORJ_USDT,STORJ/USDT,STORJ,USDT,True,Spot,Margin,,1.0
STOS_USDT,STOS/USDT,STOS,USDT,True,Spot,,,1.0
STOX_USDT,STOX/USDT,STOX,USDT,True,Spot,,,1.0
STPT_USDT,STPT/USDT,STPT,USDT,True,Spot,,,1.0
STR_USDT,STR/USDT,STR,USDT,True,Spot,Margin,,1.0
STRAX_USDT,STRAX/USDT,STRAX,USDT,True,Spot,Margin,,1.0
STRM_USDT,STRM/USDT,STRM,USDT,True,Spot,,,1.0
STRONG_USDT,STRONG/USDT,STRONG,USDT,True,Spot,,,1.0
STRP_USDT,STRP/USDT,STRP,USDT,True,Spot,,,1.0
STSOL_USDT,STSOL/USDT,STSOL,USDT,True,Spot,,,1.0
STX_USDT,STX/USDT,STX,USDT,True,Spot,Margin,,1.0
STZ_USDT,STZ/USDT,STZ,USDT,True,Spot,,,1.0
SUKU_USDT,SUKU/USDT,SUKU,USDT,True,Spot,Margin,,1.0
SUN_USDT,SUN/USDT,SUN,USDT,True,Spot,Margin,,1.0
SUNNY_USDT,SUNNY/USDT,SUNNY,USDT,True,Spot,Margin,,1.0
SUP_USDT,SUP/USDT,SUP,USDT,True,Spot,,,1.0
SUPE_USDT,SUPE/USDT,SUPE,USDT,True,Spot,,,1.0
SUPER_USDT,SUPER/USDT,SUPER,USDT,True,Spot,Margin,,1.0
SUSD_USDT,SUSD/USDT,SUSD,USDT,True,Spot,,,1.0
SUSHI_USDT,SUSHI/USDT,SUSHI,USDT,True,Spot,Margin,,1.0
SUSHI3L_USDT,SUSHI3L/USDT,SUSHI3L,USDT,True,Spot,,,1.0
SUSHI3S_USDT,SUSHI3S/USDT,SUSHI3S,USDT,True,Spot,,,1.0
SUTER_USDT,SUTER/USDT,SUTER,USDT,True,Spot,,,1.0
SVT_USDT,SVT/USDT,SVT,USDT,True,Spot,,,1.0
SWAP_USDT,SWAP/USDT,SWAP,USDT,True,Spot,,,1.0
SWASH_USDT,SWASH/USDT,SWASH,USDT,True,Spot,Margin,,1.0
SWAY_USDT,SWAY/USDT,SWAY,USDT,True,Spot,,,1.0
SWFTC_USDT,SWFTC/USDT,SWFTC,USDT,True,Spot,,,1.0
SWINGBY_USDT,SWINGBY/USDT,SWINGBY,USDT,True,Spot,,,1.0
SWOP_USDT,SWOP/USDT,SWOP,USDT,True,Spot,,,1.0
SWRV_USDT,SWRV/USDT,SWRV,USDT,True,Spot,Margin,,1.0
SWTH_USDT,SWTH/USDT,SWTH,USDT,True,Spot,,,1.0
SXP_USDT,SXP/USDT,SXP,USDT,True,Spot,Margin,,1.0
SXP3L_USDT,SXP3L/USDT,SXP3L,USDT,True,Spot,,,1.0
SXP3S_USDT,SXP3S/USDT,SXP3S,USDT,True,Spot,,,1.0
SYLO_USDT,SYLO/USDT,SYLO,USDT,True,Spot,,,1.0
SYN_USDT,SYN/USDT,SYN,USDT,True,Spot,,,1.0
SYS_USDT,SYS/USDT,SYS,USDT,True,Spot,Margin,,1.0
SBTC_USDT,Super Bitcoin/USDT,Super Bitcoin,USDT,True,Spot,,,1.0
T_USDT,T/USDT,T,USDT,True,Spot,Margin,,1.0
TABOO_USDT,TABOO/USDT,TABOO,USDT,True,Spot,,,1.0
TAI_USDT,TAI/USDT,TAI,USDT,True,Spot,,,1.0
TAKI_USDT,TAKI/USDT,TAKI,USDT,True,Spot,,,1.0
TALK_USDT,TALK/USDT,TALK,USDT,True,Spot,,,1.0
TAP_USDT,TAP/USDT,TAP,USDT,True,Spot,,,1.0
TARA_USDT,TARA/USDT,TARA,USDT,True,Spot,Margin,,1.0
TAUR_USDT,TAUR/USDT,TAUR,USDT,True,Spot,,,1.0
TBE_USDT,TBE/USDT,TBE,USDT,True,Spot,,,1.0
TBTC_USDT,TBTC/USDT,TBTC,USDT,False,Spot,,,1.0
TCP_USDT,TCP/USDT,TCP,USDT,True,Spot,,,1.0
TCT_USDT,TCT/USDT,TCT,USDT,True,Spot,Margin,,1.0
TDROP_USDT,TDROP/USDT,TDROP,USDT,True,Spot,,,1.0
TEER_USDT,TEER/USDT,TEER,USDT,True,Spot,,,1.0
TFUEL_USDT,TFUEL/USDT,TFUEL,USDT,True,Spot,Margin,,1.0
THEOS_USDT,THEOS/USDT,THEOS,USDT,True,Spot,,,1.0
THETA_USDT,THETA/USDT,THETA,USDT,True,Spot,Margin,,1.0
THETA3L_USDT,THETA3L/USDT,THETA3L,USDT,True,Spot,,,1.0
THETA3S_USDT,THETA3S/USDT,THETA3S,USDT,True,Spot,,,1.0
THG_USDT,THG/USDT,THG,USDT,True,Spot,,,1.0
THN_USDT,THN/USDT,THN,USDT,True,Spot,,,1.0
TIDAL_USDT,TIDAL/USDT,TIDAL,USDT,True,Spot,Margin,,1.0
TIME_USDT,TIME/USDT,TIME,USDT,True,Spot,,,1.0
TIMECHRONO_USDT,TIMECHRONO/USDT,TIMECHRONO,USDT,True,Spot,,,1.0
TIP_USDT,TIP/USDT,TIP,USDT,True,Spot,,,1.0
TIPS_USDT,TIPS/USDT,TIPS,USDT,True,Spot,Margin,,1.0
TITA_USDT,TITA/USDT,TITA,USDT,True,Spot,,,1.0
TKO_USDT,TKO/USDT,TKO,USDT,True,Spot,Margin,,1.0
TLM_USDT,TLM/USDT,TLM,USDT,True,Spot,Margin,,1.0
TLOS_USDT,TLOS/USDT,TLOS,USDT,True,Spot,,,1.0
TOKE_USDT,TOKE/USDT,TOKE,USDT,True,Spot,,,1.0
TOMO_USDT,TOMO/USDT,TOMO,USDT,True,Spot,Margin,,1.0
TONCOIN_USDT,TONCOIN/USDT,TONCOIN,USDT,True,Spot,Margin,,1.0
TON_USDT,TONToken/USDT,TONToken,USDT,True,Spot,,,1.0
TOOLS_USDT,TOOLS/USDT,TOOLS,USDT,True,Spot,,,1.0
TORN_USDT,TORN/USDT,TORN,USDT,True,Spot,Margin,,1.0
TOTM_USDT,TOTM/USDT,TOTM,USDT,True,Spot,,,1.0
TPT_USDT,TPT/USDT,TPT,USDT,True,Spot,,,1.0
TRA_USDT,TRA/USDT,TRA,USDT,True,Spot,,,1.0
TRACE_USDT,TRACE/USDT,TRACE,USDT,True,Spot,,,1.0
TRADE_USDT,TRADE/USDT,TRADE,USDT,True,Spot,,,1.0
TRB_USDT,TRB/USDT,TRB,USDT,True,Spot,,,1.0
TRIBE_USDT,TRIBE/USDT,TRIBE,USDT,True,Spot,Margin,,1.0
TRIBE3L_USDT,TRIBE3L/USDT,TRIBE3L,USDT,True,Spot,,,1.0
TRIBE3S_USDT,TRIBE3S/USDT,TRIBE3S,USDT,True,Spot,,,1.0
TROY_USDT,TROY/USDT,TROY,USDT,True,Spot,,,1.0
TRU_USDT,TRU/USDT,TRU,USDT,True,Spot,Margin,,1.0
TRVL_USDT,TRVL/USDT,TRVL,USDT,True,Spot,,,1.0
TRX_USDT,TRX/USDT,TRX,USDT,True,Spot,Margin,,1.0
TRX3L_USDT,TRX3L/USDT,TRX3L,USDT,True,Spot,,,1.0
TRX3S_USDT,TRX3S/USDT,TRX3S,USDT,True,Spot,,,1.0
TSHP_USDT,TSHP/USDT,TSHP,USDT,True,Spot,,,1.0
TSL_USDT,TSL/USDT,TSL,USDT,True,Spot,,,1.0
TT_USDT,TT/USDT,TT,USDT,True,Spot,,,1.0
TTK_USDT,TTK/USDT,TTK,USDT,True,Spot,,,1.0
TTT_USDT,TTT/USDT,TTT,USDT,True,Spot,,,1.0
TULIP_USDT,TULIP/USDT,TULIP,USDT,True,Spot,,,1.0
TVK_USDT,TVK/USDT,TVK,USDT,True,Spot,Margin,,1.0
TWT_USDT,TWT/USDT,TWT,USDT,True,Spot,Margin,,1.0
TXT_USDT,TXT/USDT,TXT,USDT,True,Spot,,,1.0
TNC_USDT,Trinity Network Credit/USDT,Trinity Network Credit,USDT,True,Spot,,,1.0
UBXS_USDT,UBXS/USDT,UBXS,USDT,True,Spot,,,1.0
UDO_USDT,UDO/USDT,UDO,USDT,True,Spot,,,1.0
UFI_USDT,UFI/USDT,UFI,USDT,True,Spot,,,1.0
UFO_USDT,UFO/USDT,UFO,USDT,True,Spot,,,1.0
UFT_USDT,UFT/USDT,UFT,USDT,True,Spot,,,1.0
ULU_USDT,ULU/USDT,ULU,USDT,True,Spot,,,1.0
UMA_USDT,UMA/USDT,UMA,USDT,True,Spot,,,1.0
UMB_USDT,UMB/USDT,UMB,USDT,True,Spot,,,1.0
UMEE_USDT,UMEE/USDT,UMEE,USDT,True,Spot,Margin,,1.0
UMX_USDT,UMX/USDT,UMX,USDT,True,Spot,,,1.0
UNCX_USDT,UNCX/USDT,UNCX,USDT,True,Spot,,,1.0
UNDEAD_USDT,UNDEAD/USDT,UNDEAD,USDT,True,Spot,,,1.0
UNFI_USDT,UNFI/USDT,UNFI,USDT,True,Spot,Margin,,1.0
UNI_USDT,UNI/USDT,UNI,USDT,True,Spot,Margin,,1.0
UNI3L_USDT,UNI3L/USDT,UNI3L,USDT,True,Spot,,,1.0
UNI3S_USDT,UNI3S/USDT,UNI3S,USDT,True,Spot,,,1.0
UNI5L_USDT,UNI5L/USDT,UNI5L,USDT,True,Spot,,,1.0
UNI5S_USDT,UNI5S/USDT,UNI5S,USDT,True,Spot,,,1.0
UNISTAKE_USDT,UNISTAKE/USDT,UNISTAKE,USDT,True,Spot,,,1.0
UNN_USDT,UNN/USDT,UNN,USDT,True,Spot,,,1.0
UNO_USDT,UNO/USDT,UNO,USDT,True,Spot,,,1.0
UNQ_USDT,UNQ/USDT,UNQ,USDT,True,Spot,,,1.0
UOS_USDT,UOS/USDT,UOS,USDT,True,Spot,,,1.0
UPI_USDT,UPI/USDT,UPI,USDT,True,Spot,,,1.0
URUS_USDT,URUS/USDT,URUS,USDT,True,Spot,,,1.0
USDD_USDT,USDD/USDT,USDD,USDT,True,Spot,,,1.0
USDG_USDT,USDG/USDT,USDG,USDT,True,Spot,,,1.0
USTC_USDT,USTC/USDT,USTC,USDT,True,Spot,,,1.0
UTK_USDT,UTK/USDT,UTK,USDT,True,Spot,Margin,,1.0
VADER_USDT,VADER/USDT,VADER,USDT,True,Spot,,,1.0
VAI_USDT,VAIOT/USDT,VAIOT,USDT,True,Spot,,,1.0
VALUE_USDT,VALUE/USDT,VALUE,USDT,True,Spot,,,1.0
VDR_USDT,VDR/USDT,VDR,USDT,True,Spot,,,1.0
VEE_USDT,VEE/USDT,VEE,USDT,True,Spot,,,1.0
VEGA_USDT,VEGA/USDT,VEGA,USDT,True,Spot,,,1.0
VELO_USDT,VELO/USDT,VELO,USDT,True,Spot,Margin,,1.0
VEMP_USDT,VEMP/USDT,VEMP,USDT,True,Spot,,,1.0
VENT_USDT,VENT/USDT,VENT,USDT,True,Spot,,,1.0
VERA_USDT,VERA/USDT,VERA,USDT,True,Spot,,,1.0
VET_USDT,VET/USDT,VET,USDT,True,Spot,Margin,,1.0
VET3L_USDT,VET3L/USDT,VET3L,USDT,True,Spot,,,1.0
VET3S_USDT,VET3S/USDT,VET3S,USDT,True,Spot,,,1.0
VGX_USDT,VGX/USDT,VGX,USDT,True,Spot,,,1.0
VIDY_USDT,VIDY/USDT,VIDY,USDT,True,Spot,Margin,,1.0
VIDYX_USDT,VIDYX/USDT,VIDYX,USDT,True,Spot,,,1.0
VISR_USDT,VISR/USDT,VISR,USDT,False,Spot,,,1.0
VLX_USDT,VLX/USDT,VLX,USDT,True,Spot,,,1.0
VLXPAD_USDT,VLXPAD/USDT,VLXPAD,USDT,True,Spot,,,1.0
VOXEL_USDT,VOXEL/USDT,VOXEL,USDT,True,Spot,Margin,,1.0
VR_USDT,VR/USDT,VR,USDT,True,Spot,,,1.0
VRA_USDT,VRA/USDT,VRA,USDT,True,Spot,Margin,,1.0
VRT_USDT,VRT/USDT,VRT,USDT,True,Spot,,,1.0
VRX_USDT,VRX/USDT,VRX,USDT,True,Spot,,,1.0
VSO_USDT,VSO/USDT,VSO,USDT,True,Spot,,,1.0
VSP_USDT,VSP/USDT,VSP,USDT,True,Spot,,,1.0
VTG_USDT,VTG/USDT,VTG,USDT,True,Spot,,,1.0
VTHO_USDT,VTHO/USDT,VTHO,USDT,True,Spot,Margin,,1.0
WAG_USDT,WAG/USDT,WAG,USDT,True,Spot,,,1.0
WAGYU_USDT,WAGYU/USDT,WAGYU,USDT,True,Spot,,,1.0
WALLET_USDT,WALLET/USDT,WALLET,USDT,True,Spot,,,1.0
WAM_USDT,WAM/USDT,WAM,USDT,True,Spot,,,1.0
WAR_USDT,WAR/USDT,WAR,USDT,True,Spot,,,1.0
WAVES_USDT,WAVES/USDT,WAVES,USDT,True,Spot,Margin,,1.0
WAVES3L_USDT,WAVES3L/USDT,WAVES3L,USDT,True,Spot,,,1.0
WAVES3S_USDT,WAVES3S/USDT,WAVES3S,USDT,True,Spot,,,1.0
WAXP_USDT,WAXP/USDT,WAXP,USDT,True,Spot,Margin,,1.0
WBTC_USDT,WBTC/USDT,WBTC,USDT,True,Spot,,,1.0
WEAR_USDT,WEAR/USDT,WEAR,USDT,True,Spot,,,1.0
WEMIX_USDT,WEMIX/USDT,WEMIX,USDT,True,Spot,Margin,,1.0
WEST_USDT,WEST/USDT,WEST,USDT,True,Spot,,,1.0
WEX_USDT,WEX/USDT,WEX,USDT,True,Spot,,,1.0
WGRT_USDT,WGRT/USDT,WGRT,USDT,True,Spot,,,1.0
WHALE_USDT,WHALE/USDT,WHALE,USDT,True,Spot,Margin,,1.0
WHITE_USDT,WHITE/USDT,WHITE,USDT,True,Spot,,,1.0
WICC_USDT,WICC/USDT,WICC,USDT,True,Spot,Margin,,1.0
WIKEN_USDT,WIKEN/USDT,WIKEN,USDT,True,Spot,Margin,,1.0
WILD_USDT,WILD/USDT,WILD,USDT,True,Spot,Margin,,1.0
WIN_USDT,WIN/USDT,WIN,USDT,True,Spot,Margin,,1.0
WING_USDT,WING/USDT,WING,USDT,True,Spot,Margin,,1.0
WINGS_USDT,WINGS/USDT,WINGS,USDT,False,Spot,,,1.0
WIT_USDT,WIT/USDT,WIT,USDT,True,Spot,,,1.0
WNCG_USDT,WNCG/USDT,WNCG,USDT,True,Spot,Margin,,1.0
WND_USDT,WND/USDT,WND,USDT,False,Spot,,,1.0
WNDR_USDT,WNDR/USDT,WNDR,USDT,True,Spot,,,1.0
WNXM_USDT,WNXM/USDT,WNXM,USDT,True,Spot,,,1.0
WNZ_USDT,WNZ/USDT,WNZ,USDT,True,Spot,,,1.0
WOM_USDT,WOM/USDT,WOM,USDT,True,Spot,,,1.0
WOO_USDT,WOO/USDT,WOO,USDT,True,Spot,Margin,,1.0
WOO3L_USDT,WOO3L/USDT,WOO3L,USDT,True,Spot,,,1.0
WOO3S_USDT,WOO3S/USDT,WOO3S,USDT,True,Spot,,,1.0
WOOP_USDT,WOOP/USDT,WOOP,USDT,True,Spot,,,1.0
WOZX_USDT,WOZX/USDT,WOZX,USDT,True,Spot,Margin,,1.0
WRX_USDT,WRX/USDT,WRX,USDT,True,Spot,Margin,,1.0
WSIENNA_USDT,WSIENNA/USDT,WSIENNA,USDT,True,Spot,Margin,,1.0
WWY_USDT,WWY/USDT,WWY,USDT,True,Spot,,,1.0
WXT_USDT,WXT/USDT,WXT,USDT,True,Spot,Margin,,1.0
WZRD_USDT,WZRD/USDT,WZRD,USDT,True,Spot,,,1.0
XAUT_USDT,XAUT/USDT,XAUT,USDT,True,Spot,,,1.0
XAVA_USDT,XAVA/USDT,XAVA,USDT,True,Spot,,,1.0
XCAD_USDT,XCAD/USDT,XCAD,USDT,True,Spot,,,1.0
XCH_USDT,XCH/USDT,XCH,USDT,True,Spot,Margin,,1.0
XCH3L_USDT,XCH3L/USDT,XCH3L,USDT,True,Spot,,,1.0
XCH3S_USDT,XCH3S/USDT,XCH3S,USDT,True,Spot,,,1.0
XCN_USDT,XCN/USDT,XCN,USDT,True,Spot,Margin,,1.0
XCUR_USDT,XCUR/USDT,XCUR,USDT,True,Spot,,,1.0
XCV_USDT,XCV/USDT,XCV,USDT,True,Spot,,,1.0
XDC_USDT,XDC/USDT,XDC,USDT,True,Spot,,,1.0
XDEFI_USDT,XDEFI/USDT,XDEFI,USDT,True,Spot,,,1.0
XEC_USDT,XEC/USDT,XEC,USDT,True,Spot,Margin,,1.0
XEC3L_USDT,XEC3L/USDT,XEC3L,USDT,True,Spot,,,1.0
XEC3S_USDT,XEC3S/USDT,XEC3S,USDT,True,Spot,,,1.0
XED_USDT,XED/USDT,XED,USDT,True,Spot,,,1.0
XEM_USDT,XEM/USDT,XEM,USDT,True,Spot,Margin,,1.0
XEND_USDT,XEND/USDT,XEND,USDT,True,Spot,,,1.0
XIL_USDT,XIL/USDT,XIL,USDT,True,Spot,,,1.0
XLM_USDT,XLM/USDT,XLM,USDT,True,Spot,Margin,,1.0
XLM3L_USDT,XLM3L/USDT,XLM3L,USDT,True,Spot,,,1.0
XLM3S_USDT,XLM3S/USDT,XLM3S,USDT,True,Spot,,,1.0
XMARK_USDT,XMARK/USDT,XMARK,USDT,True,Spot,,,1.0
XMC_USDT,XMC/USDT,XMC,USDT,True,Spot,,,1.0
XMR_USDT,XMR/USDT,XMR,USDT,True,Spot,Margin,,1.0
XMR3L_USDT,XMR3L/USDT,XMR3L,USDT,True,Spot,,,1.0
XMR3S_USDT,XMR3S/USDT,XMR3S,USDT,True,Spot,,,1.0
XNFT_USDT,XNFT/USDT,XNFT,USDT,True,Spot,,,1.0
XNL_USDT,XNL/USDT,XNL,USDT,True,Spot,,,1.0
XOR_USDT,XOR/USDT,XOR,USDT,True,Spot,,,1.0
XPNET_USDT,XPNET/USDT,XPNET,USDT,True,Spot,,,1.0
XPR_USDT,XPR/USDT,XPR,USDT,True,Spot,Margin,,1.0
XPRESS_USDT,XPRESS/USDT,XPRESS,USDT,True,Spot,,,1.0
XPRT_USDT,XPRT/USDT,XPRT,USDT,True,Spot,Margin,,1.0
XRD_USDT,XRD/USDT,XRD,USDT,True,Spot,,,1.0
XRP_USDT,XRP/USDT,XRP,USDT,True,Spot,Margin,,1.0
XRP3L_USDT,XRP3L/USDT,XRP3L,USDT,True,Spot,,,1.0
XRP3S_USDT,XRP3S/USDT,XRP3S,USDT,True,Spot,,,1.0
XRP5L_USDT,XRP5L/USDT,XRP5L,USDT,True,Spot,,,1.0
XRP5S_USDT,XRP5S/USDT,XRP5S,USDT,True,Spot,,,1.0
XRPBULL_USDT,XRPBULL/USDT,XRPBULL,USDT,True,Spot,,,1.0
XRUNE_USDT,XRUNE/USDT,XRUNE,USDT,True,Spot,,,1.0
XTAG_USDT,XTAG/USDT,XTAG,USDT,True,Spot,,,1.0
XTZ_USDT,XTZ/USDT,XTZ,USDT,True,Spot,Margin,,1.0
XTZ3L_USDT,XTZ3L/USDT,XTZ3L,USDT,True,Spot,,,1.0
XTZ3S_USDT,XTZ3S/USDT,XTZ3S,USDT,True,Spot,,,1.0
XVG_USDT,XVG/USDT,XVG,USDT,True,Spot,Margin,,1.0
XVS_USDT,XVS/USDT,XVS,USDT,True,Spot,Margin,,1.0
XWG_USDT,XWG/USDT,XWG,USDT,True,Spot,,,1.0
XY_USDT,XY/USDT,XY,USDT,True,Spot,,,1.0
XYM_USDT,XYM/USDT,XYM,USDT,True,Spot,Margin,,1.0
XYO_USDT,XYO/USDT,XYO,USDT,True,Spot,Margin,,1.0
YAM_USDT,YAM/USDT,YAM,USDT,True,Spot,Margin,,1.0
YCT_USDT,YCT/USDT,YCT,USDT,True,Spot,,,1.0
YFDAI_USDT,YFDAI/USDT,YFDAI,USDT,True,Spot,,,1.0
YFI_USDT,YFI/USDT,YFI,USDT,True,Spot,Margin,,1.0
YFI3L_USDT,YFI3L/USDT,YFI3L,USDT,True,Spot,,,1.0
YFI3S_USDT,YFI3S/USDT,YFI3S,USDT,True,Spot,,,1.0
YFII_USDT,YFII/USDT,YFII,USDT,True,Spot,Margin,,1.0
YFII3L_USDT,YFII3L/USDT,YFII3L,USDT,True,Spot,,,1.0
YFII3S_USDT,YFII3S/USDT,YFII3S,USDT,True,Spot,,,1.0
YFX_USDT,YFX/USDT,YFX,USDT,True,Spot,,,1.0
YGG_USDT,YGG/USDT,YGG,USDT,True,Spot,Margin,,1.0
YIELD_USDT,YIELD/USDT,YIELD,USDT,True,Spot,Margin,,1.0
YIN_USDT,YIN/USDT,YIN,USDT,True,Spot,,,1.0
YLD_USDT,YLD/USDT,YLD,USDT,True,Spot,,,1.0
YOOSHI_USDT,YOOSHI/USDT,YOOSHI,USDT,True,Spot,,,1.0
YOP_USDT,YOP/USDT,YOP,USDT,True,Spot,,,1.0
ZAM_USDT,ZAM/USDT,ZAM,USDT,True,Spot,,,1.0
ZBC_USDT,ZBC/USDT,ZBC,USDT,True,Spot,,,1.0
ZCN_USDT,ZCN/USDT,ZCN,USDT,True,Spot,,,1.0
ZCX_USDT,ZCX/USDT,ZCX,USDT,True,Spot,,,1.0
ZEC_USDT,ZEC/USDT,ZEC,USDT,True,Spot,Margin,,1.0
ZEC3L_USDT,ZEC3L/USDT,ZEC3L,USDT,True,Spot,,,1.0
ZEC3S_USDT,ZEC3S/USDT,ZEC3S,USDT,True,Spot,,,1.0
ZEE_USDT,ZEE/USDT,ZEE,USDT,True,Spot,Margin,,1.0
ZEN_USDT,ZEN/USDT,ZEN,USDT,True,Spot,Margin,,1.0
ZEN3L_USDT,ZEN3L/USDT,ZEN3L,USDT,True,Spot,,,1.0
ZEN3S_USDT,ZEN3S/USDT,ZEN3S,USDT,True,Spot,,,1.0
ZEUM_USDT,ZEUM/USDT,ZEUM,USDT,True,Spot,,,1.0
ZIG_USDT,ZIG/USDT,ZIG,USDT,True,Spot,,,1.0
ZIL_USDT,ZIL/USDT,ZIL,USDT,True,Spot,Margin,,1.0
ZIL3L_USDT,ZIL3L/USDT,ZIL3L,USDT,True,Spot,,,1.0
ZIL3S_USDT,ZIL3S/USDT,ZIL3S,USDT,True,Spot,,,1.0
ZKS_USDT,ZKS/USDT,ZKS,USDT,True,Spot,Margin,,1.0
ZKT_USDT,ZKT/USDT,ZKT,USDT,True,Spot,,,1.0
ZLK_USDT,ZLK/USDT,ZLK,USDT,True,Spot,,,1.0
ZLW_USDT,ZLW/USDT,ZLW,USDT,True,Spot,,,1.0
ZMT_USDT,ZMT/USDT,ZMT,USDT,True,Spot,,,1.0
ZODI_USDT,ZODI/USDT,ZODI,USDT,True,Spot,,,1.0
ZONE_USDT,ZONE/USDT,ZONE,USDT,True,Spot,,,1.0
ZOON_USDT,ZOON/USDT,ZOON,USDT,True,Spot,,,1.0
ZPT_USDT,ZPT/USDT,ZPT,USDT,True,Spot,,,1.0
ZRX_USDT,ZRX/USDT,ZRX,USDT,True,Spot,Margin,,1.0
ZSC_USDT,ZSC/USDT,ZSC,USDT,True,Spot,,,1.0
